alcohol,Year,Postcode,State,Remoteness
144,2017,3013,VIC,Capital
167,2017,3013,VIC,Capital
99,2017,3013,VIC,Capital
18,2017,3013,VIC,Capital
29,2017,3013,VIC,Capital
33,2017,3013,VIC,Capital
25,2017,3013,VIC,Capital
105,2017,3017,VIC,Regional
83,2017,3017,VIC,Regional
27,2017,3017,VIC,Regional
11,2017,3017,VIC,Regional
41,2017,824,NT,Regional
86,2017,824,NT,Regional
145,2017,824,NT,Regional
14,2017,824,NT,Regional
86,2017,824,NT,Regional
41,2017,824,NT,Regional
21,2017,824,NT,Regional
24,2017,3027,VIC,Capital
133,2017,3027,VIC,Capital
39,2017,3027,VIC,Capital
45,2017,3027,VIC,Capital
47,2017,3027,VIC,Capital
90,2017,3027,VIC,Capital
72,2017,3027,VIC,Capital
89,2017,828,NT,Regional
9,2017,828,NT,Regional
34,2017,828,NT,Regional
31,2017,828,NT,Regional
25,2017,828,NT,Regional
21,2017,828,NT,Regional
47,2017,828,NT,Regional
29,2017,829,NT,Regional
4,2017,829,NT,Regional
10,2017,829,NT,Regional
6,2017,829,NT,Regional
9,2017,829,NT,Regional
48,2017,829,NT,Regional
7,2017,829,NT,Regional
33,2017,5068,SA,Regional
91,2017,5068,SA,Regional
5,2017,5068,SA,Regional
86,2017,5068,SA,Regional
87,2017,5068,SA,Regional
27,2017,5068,SA,Regional
48,2017,5068,SA,Regional
59,2017,3076,VIC,Regional
88,2017,3076,VIC,Regional
40,2017,3076,VIC,Regional
21,2017,3076,VIC,Regional
59,2017,6114,WA,Regional
42,2017,6114,WA,Regional
8,2017,6114,WA,Regional
58,2017,6114,WA,Regional
0,2017,6114,WA,Regional
46,2017,6114,WA,Regional
46,2017,6114,WA,Regional
71,2017,7118,TAS,Regional
10,2017,7118,TAS,Regional
22,2017,7118,TAS,Regional
24,2017,7118,TAS,Regional
134,2017,7118,TAS,Regional
191,2017,7118,TAS,Regional
128,2017,7118,TAS,Regional
53,2017,7120,TAS,Regional
202,2017,7120,TAS,Regional
86,2017,7120,TAS,Regional
141,2017,7120,TAS,Regional
78,2017,7120,TAS,Regional
122,2017,7120,TAS,Regional
56,2017,7120,TAS,Regional
218,2017,2004,NSW,Capital
106,2017,2004,NSW,Capital
126,2017,2004,NSW,Capital
68,2017,2004,NSW,Capital
67,2017,2004,NSW,Capital
46,2017,4010,QLD,Capital
45,2017,4010,QLD,Capital
59,2017,4010,QLD,Capital
66,2017,4010,QLD,Capital
92,2017,4010,QLD,Capital
129,2017,4010,QLD,Capital
157,2017,4010,QLD,Capital
70,2017,3013,VIC,Capital
16,2017,3013,VIC,Capital
10,2017,3013,VIC,Capital
51,2017,3013,VIC,Capital
64,2017,3013,VIC,Capital
15,2017,3013,VIC,Capital
8,2017,3013,VIC,Capital
25,2017,3017,VIC,Regional
10,2017,3017,VIC,Regional
154,2017,3017,VIC,Regional
100,2017,3017,VIC,Regional
57,2017,3017,VIC,Regional
49,2017,3017,VIC,Regional
22,2017,3017,VIC,Regional
51,2017,2018,NSW,Regional
95,2017,2018,NSW,Regional
75,2017,2018,NSW,Regional
146,2017,2018,NSW,Regional
23,2017,2018,NSW,Regional
12,2017,2018,NSW,Regional
56,2017,2018,NSW,Regional
75,2017,2019,NSW,Capital
62,2017,2019,NSW,Capital
55,2017,2019,NSW,Capital
181,2017,2019,NSW,Capital
82,2017,2019,NSW,Capital
163,2017,824,NT,Regional
131,2017,824,NT,Regional
49,2017,824,NT,Regional
114,2017,824,NT,Regional
92,2017,824,NT,Regional
133,2017,824,NT,Regional
50,2017,824,NT,Regional
3,2017,5025,SA,Regional
42,2017,5025,SA,Regional
23,2017,5025,SA,Regional
160,2017,5025,SA,Regional
116,2017,5025,SA,Regional
102,2017,5025,SA,Regional
146,2017,5025,SA,Regional
53,2017,3027,VIC,Capital
7,2017,3027,VIC,Capital
67,2017,3027,VIC,Capital
110,2017,3027,VIC,Capital
63,2017,3027,VIC,Capital
48,2017,3027,VIC,Capital
97,2017,3027,VIC,Capital
113,2017,828,NT,Regional
110,2017,828,NT,Regional
36,2017,828,NT,Regional
60,2017,828,NT,Regional
1,2017,828,NT,Regional
15,2017,828,NT,Regional
23,2017,828,NT,Regional
55,2017,829,NT,Regional
23,2017,829,NT,Regional
112,2017,829,NT,Regional
94,2017,829,NT,Regional
51,2017,829,NT,Regional
30,2017,829,NT,Regional
33,2017,829,NT,Regional
108,2017,2041,NSW,Capital
155,2017,2041,NSW,Capital
63,2017,2041,NSW,Capital
163,2017,2041,NSW,Capital
72,2017,2041,NSW,Capital
30,2017,2048,NSW,Regional
16,2017,2048,NSW,Regional
116,2017,2048,NSW,Regional
87,2017,2048,NSW,Regional
97,2017,2048,NSW,Regional
37,2017,5068,SA,Regional
46,2017,5068,SA,Regional
57,2017,5068,SA,Regional
30,2017,5068,SA,Regional
16,2017,5068,SA,Regional
22,2017,5068,SA,Regional
45,2017,5068,SA,Regional
67,2017,3076,VIC,Regional
65,2017,3076,VIC,Regional
9,2017,3076,VIC,Regional
101,2017,3076,VIC,Regional
51,2017,3076,VIC,Regional
22,2017,3076,VIC,Regional
43,2017,3076,VIC,Regional
47,2017,4078,QLD,Regional
61,2017,4078,QLD,Regional
119,2017,4078,QLD,Regional
64,2017,4078,QLD,Regional
124,2017,4078,QLD,Regional
35,2017,4078,QLD,Regional
69,2017,4078,QLD,Regional
36,2017,892,NT,Regional
147,2017,892,NT,Regional
39,2017,892,NT,Regional
13,2017,892,NT,Regional
26,2017,892,NT,Regional
37,2017,892,NT,Regional
157,2017,6114,WA,Regional
28,2017,6114,WA,Regional
34,2017,6114,WA,Regional
58,2017,6114,WA,Regional
86,2017,6114,WA,Regional
110,2017,6114,WA,Regional
44,2017,6114,WA,Regional
130,2017,7120,TAS,Regional
25,2017,7120,TAS,Regional
16,2017,7120,TAS,Regional
72,2017,7120,TAS,Regional
51,2017,7120,TAS,Regional
22,2017,7120,TAS,Regional
107,2017,7120,TAS,Regional
26,2017,7129,TAS,Regional
127,2017,7129,TAS,Regional
42,2017,7129,TAS,Regional
116,2017,7129,TAS,Regional
29,2017,7129,TAS,Regional
51,2017,7129,TAS,Regional
72,2017,7129,TAS,Regional
108,2019,2004,NSW,Capital
100,2019,2004,NSW,Capital
90,2019,2004,NSW,Capital
154,2019,2004,NSW,Capital
104,2019,2004,NSW,Capital
69,2019,4010,QLD,Capital
65,2019,4010,QLD,Capital
3,2019,4010,QLD,Capital
156,2019,4010,QLD,Capital
116,2019,4010,QLD,Capital
14,2019,4010,QLD,Capital
29,2019,4010,QLD,Capital
70,2019,3013,VIC,Capital
55,2019,3013,VIC,Capital
79,2019,3013,VIC,Capital
48,2019,3013,VIC,Capital
81,2019,3013,VIC,Capital
5,2019,3013,VIC,Capital
49,2019,3013,VIC,Capital
29,2019,3017,VIC,Regional
32,2019,3017,VIC,Regional
13,2019,3017,VIC,Regional
99,2019,3017,VIC,Regional
15,2019,3017,VIC,Regional
106,2019,3017,VIC,Regional
103,2019,3017,VIC,Regional
18,2019,2018,NSW,Regional
14,2019,2018,NSW,Regional
91,2019,2018,NSW,Regional
19,2019,2018,NSW,Regional
158,2019,2018,NSW,Regional
12,2019,2019,NSW,Capital
15,2019,2019,NSW,Capital
1,2019,2019,NSW,Capital
72,2019,2019,NSW,Capital
200,2019,2019,NSW,Capital
15,2019,824,NT,Regional
27,2019,824,NT,Regional
98,2019,824,NT,Regional
14,2019,824,NT,Regional
54,2019,824,NT,Regional
12,2019,824,NT,Regional
134,2019,824,NT,Regional
46,2019,5025,SA,Regional
92,2019,5025,SA,Regional
34,2019,5025,SA,Regional
16,2019,5025,SA,Regional
28,2019,5025,SA,Regional
146,2019,5025,SA,Regional
53,2019,5025,SA,Regional
11,2019,3027,VIC,Capital
78,2019,3027,VIC,Capital
28,2019,3027,VIC,Capital
40,2019,3027,VIC,Capital
88,2019,3027,VIC,Capital
54,2019,3027,VIC,Capital
2,2019,3027,VIC,Capital
82,2019,828,NT,Regional
85,2019,828,NT,Regional
42,2019,828,NT,Regional
15,2019,828,NT,Regional
98,2019,828,NT,Regional
26,2019,828,NT,Regional
30,2019,828,NT,Regional
149,2019,2041,NSW,Capital
3,2019,2041,NSW,Capital
31,2019,2041,NSW,Capital
104,2019,2041,NSW,Capital
27,2019,2041,NSW,Capital
79,2019,842,NT,Regional
23,2019,842,NT,Regional
27,2019,842,NT,Regional
43,2019,842,NT,Regional
61,2019,842,NT,Regional
90,2019,842,NT,Regional
208,2019,842,NT,Regional
24,2019,2048,NSW,Regional
44,2019,2048,NSW,Regional
99,2019,2048,NSW,Regional
64,2019,2048,NSW,Regional
64,2019,2048,NSW,Regional
30,2019,5068,SA,Regional
54,2019,5068,SA,Regional
39,2019,5068,SA,Regional
52,2019,5068,SA,Regional
146,2019,5068,SA,Regional
153,2019,5068,SA,Regional
76,2019,5068,SA,Regional
1,2019,3076,VIC,Regional
37,2019,3076,VIC,Regional
102,2019,3076,VIC,Regional
131,2019,3076,VIC,Regional
13,2019,3076,VIC,Regional
73,2019,3076,VIC,Regional
11,2019,3076,VIC,Regional
49,2019,4078,QLD,Regional
171,2019,4078,QLD,Regional
28,2019,4078,QLD,Regional
60,2019,4078,QLD,Regional
1,2019,4078,QLD,Regional
9,2019,4078,QLD,Regional
97,2019,4078,QLD,Regional
36,2019,6114,WA,Regional
55,2019,6114,WA,Regional
12,2019,6114,WA,Regional
15,2019,6114,WA,Regional
40,2019,6114,WA,Regional
5,2019,6114,WA,Regional
32,2019,6114,WA,Regional
42,2019,7116,TAS,Regional
1,2019,7116,TAS,Regional
68,2019,7116,TAS,Regional
101,2019,7116,TAS,Regional
45,2019,7116,TAS,Regional
152,2019,7116,TAS,Regional
66,2019,7116,TAS,Regional
15,2019,7120,TAS,Regional
112,2019,7120,TAS,Regional
46,2019,7120,TAS,Regional
92,2019,7120,TAS,Regional
44,2019,7120,TAS,Regional
29,2019,7120,TAS,Regional
43,2019,7120,TAS,Regional
73,2019,6121,WA,Regional
142,2019,6121,WA,Regional
14,2019,6121,WA,Regional
47,2019,6121,WA,Regional
0,2019,6121,WA,Regional
67,2019,6121,WA,Regional
90,2019,6121,WA,Regional
58,2019,6122,WA,Regional
36,2019,6122,WA,Regional
59,2019,6122,WA,Regional
17,2019,6122,WA,Regional
70,2019,6122,WA,Regional
19,2019,6122,WA,Regional
27,2019,6122,WA,Regional
2,2019,6123,WA,Regional
84,2019,6123,WA,Regional
25,2019,6123,WA,Regional
57,2019,6123,WA,Regional
101,2019,6123,WA,Regional
154,2019,6123,WA,Regional
92,2019,6123,WA,Regional
29,2019,6124,WA,Regional
80,2019,6124,WA,Regional
37,2019,6124,WA,Regional
7,2019,6124,WA,Regional
14,2019,6124,WA,Regional
158,2019,6124,WA,Regional
75,2019,6124,WA,Regional
24,2019,6125,WA,Regional
21,2019,6125,WA,Regional
58,2019,6125,WA,Regional
104,2019,6125,WA,Regional
59,2019,6125,WA,Regional
9,2019,6125,WA,Regional
6,2019,6125,WA,Regional
31,2019,7129,TAS,Regional
50,2019,7129,TAS,Regional
10,2019,7129,TAS,Regional
62,2019,7129,TAS,Regional
115,2019,7129,TAS,Regional
118,2019,7129,TAS,Regional
33,2019,7129,TAS,Regional
4,2017,2004,NSW,Capital
5,2017,2004,NSW,Capital
11,2017,2004,NSW,Capital
31,2017,2004,NSW,Capital
5,2017,2004,NSW,Capital
168,2017,2004,NSW,Capital
27,2017,2004,NSW,Capital
76,2017,4010,QLD,Capital
52,2017,4010,QLD,Capital
167,2017,4010,QLD,Capital
15,2017,4010,QLD,Capital
25,2017,4010,QLD,Capital
23,2017,4010,QLD,Capital
67,2017,4010,QLD,Capital
146,2017,3013,VIC,Capital
32,2017,3013,VIC,Capital
65,2017,3013,VIC,Capital
69,2017,3013,VIC,Capital
44,2017,3013,VIC,Capital
40,2017,3017,VIC,Regional
63,2017,3017,VIC,Regional
31,2017,3017,VIC,Regional
22,2017,3017,VIC,Regional
51,2017,3017,VIC,Regional
57,2017,2018,NSW,Regional
113,2017,2018,NSW,Regional
45,2017,2018,NSW,Regional
57,2017,2018,NSW,Regional
1,2017,2018,NSW,Regional
8,2017,2018,NSW,Regional
25,2017,2018,NSW,Regional
12,2017,2019,NSW,Capital
6,2017,2019,NSW,Capital
124,2017,2019,NSW,Capital
88,2017,2019,NSW,Capital
14,2017,2019,NSW,Capital
121,2017,2019,NSW,Capital
12,2017,2019,NSW,Capital
55,2017,820,NT,Regional
100,2017,820,NT,Regional
152,2017,820,NT,Regional
7,2017,820,NT,Regional
56,2017,820,NT,Regional
130,2017,820,NT,Regional
33,2017,820,NT,Regional
19,2017,5021,SA,Capital
62,2017,5021,SA,Capital
9,2017,5021,SA,Capital
57,2017,5021,SA,Capital
22,2017,5021,SA,Capital
27,2017,5021,SA,Capital
75,2017,5021,SA,Capital
97,2017,824,NT,Regional
221,2017,824,NT,Regional
48,2017,824,NT,Regional
147,2017,824,NT,Regional
72,2017,824,NT,Regional
171,2017,824,NT,Regional
8,2017,824,NT,Regional
11,2017,5025,SA,Regional
107,2017,5025,SA,Regional
34,2017,5025,SA,Regional
22,2017,5025,SA,Regional
47,2017,5025,SA,Regional
39,2017,5025,SA,Regional
64,2017,5025,SA,Regional
158,2017,3027,VIC,Capital
38,2017,3027,VIC,Capital
46,2017,3027,VIC,Capital
2,2017,3027,VIC,Capital
45,2017,3027,VIC,Capital
2,2017,828,NT,Regional
23,2017,828,NT,Regional
20,2017,828,NT,Regional
32,2017,828,NT,Regional
3,2017,828,NT,Regional
80,2017,828,NT,Regional
11,2017,828,NT,Regional
23,2017,829,NT,Regional
2,2017,829,NT,Regional
3,2017,829,NT,Regional
54,2017,829,NT,Regional
63,2017,829,NT,Regional
68,2017,829,NT,Regional
61,2017,829,NT,Regional
85,2017,2038,NSW,Regional
6,2017,2038,NSW,Regional
54,2017,2038,NSW,Regional
44,2017,2038,NSW,Regional
94,2017,2038,NSW,Regional
3,2017,2038,NSW,Regional
98,2017,2038,NSW,Regional
5,2017,5040,SA,Regional
70,2017,5040,SA,Regional
22,2017,5040,SA,Regional
0,2017,5040,SA,Regional
63,2017,5040,SA,Regional
32,2017,5040,SA,Regional
187,2017,5040,SA,Regional
205,2017,2041,NSW,Capital
120,2017,2041,NSW,Capital
54,2017,2041,NSW,Capital
34,2017,2041,NSW,Capital
133,2017,2041,NSW,Capital
73,2017,2041,NSW,Capital
104,2017,2041,NSW,Capital
53,2017,2048,NSW,Regional
91,2017,2048,NSW,Regional
65,2017,2048,NSW,Regional
75,2017,2048,NSW,Regional
7,2017,2048,NSW,Regional
130,2017,2048,NSW,Regional
8,2017,2048,NSW,Regional
18,2017,5051,SA,Regional
24,2017,5051,SA,Regional
86,2017,5051,SA,Regional
122,2017,5051,SA,Regional
19,2017,5051,SA,Regional
4,2017,5051,SA,Regional
51,2017,5051,SA,Regional
74,2017,2058,NSW,Regional
82,2017,2058,NSW,Regional
3,2017,2058,NSW,Regional
65,2017,2058,NSW,Regional
7,2017,2058,NSW,Regional
82,2017,2058,NSW,Regional
5,2017,2058,NSW,Regional
21,2017,5068,SA,Regional
11,2017,3076,VIC,Regional
38,2017,3076,VIC,Regional
114,2017,3076,VIC,Regional
5,2017,3076,VIC,Regional
23,2017,3076,VIC,Regional
20,2017,4078,QLD,Regional
14,2017,4078,QLD,Regional
45,2017,4078,QLD,Regional
53,2017,4078,QLD,Regional
179,2017,4078,QLD,Regional
85,2017,4078,QLD,Regional
43,2017,4078,QLD,Regional
113,2017,2004,NSW,Capital
4,2017,2004,NSW,Capital
47,2017,2004,NSW,Capital
7,2017,2004,NSW,Capital
74,2017,2004,NSW,Capital
42,2017,4010,QLD,Capital
129,2017,4010,QLD,Capital
13,2017,4010,QLD,Capital
82,2017,4010,QLD,Capital
61,2017,4010,QLD,Capital
143,2017,4010,QLD,Capital
112,2017,4010,QLD,Capital
88,2017,3013,VIC,Capital
14,2017,3013,VIC,Capital
64,2017,3013,VIC,Capital
190,2017,3013,VIC,Capital
48,2017,3013,VIC,Capital
66,2017,3013,VIC,Capital
71,2017,3013,VIC,Capital
11,2017,3017,VIC,Regional
14,2017,3017,VIC,Regional
26,2017,3017,VIC,Regional
41,2017,3017,VIC,Regional
176,2017,2018,NSW,Regional
45,2017,2018,NSW,Regional
66,2017,2018,NSW,Regional
4,2017,2018,NSW,Regional
35,2017,2018,NSW,Regional
108,2017,2019,NSW,Capital
81,2017,2019,NSW,Capital
40,2017,2019,NSW,Capital
150,2017,2019,NSW,Capital
178,2017,2019,NSW,Capital
44,2017,5021,SA,Capital
21,2017,5021,SA,Capital
188,2017,5021,SA,Capital
1,2017,5021,SA,Capital
164,2017,5021,SA,Capital
29,2017,5021,SA,Capital
58,2017,5021,SA,Capital
169,2017,5025,SA,Regional
112,2017,5025,SA,Regional
109,2017,5025,SA,Regional
5,2017,5025,SA,Regional
31,2017,5025,SA,Regional
134,2017,5025,SA,Regional
22,2017,5025,SA,Regional
69,2017,3027,VIC,Capital
60,2017,3027,VIC,Capital
91,2017,3027,VIC,Capital
48,2017,3027,VIC,Capital
62,2017,3027,VIC,Capital
65,2017,3027,VIC,Capital
91,2017,3027,VIC,Capital
14,2017,828,NT,Regional
58,2017,828,NT,Regional
101,2017,828,NT,Regional
44,2017,828,NT,Regional
58,2017,828,NT,Regional
2,2017,828,NT,Regional
111,2017,828,NT,Regional
9,2017,829,NT,Regional
94,2017,829,NT,Regional
52,2017,829,NT,Regional
6,2017,829,NT,Regional
56,2017,829,NT,Regional
11,2017,829,NT,Regional
36,2017,829,NT,Regional
20,2017,5040,SA,Regional
55,2017,5040,SA,Regional
57,2017,5040,SA,Regional
43,2017,5040,SA,Regional
6,2017,5040,SA,Regional
100,2017,5040,SA,Regional
53,2017,5040,SA,Regional
44,2017,2041,NSW,Capital
57,2017,2041,NSW,Capital
135,2017,2041,NSW,Capital
43,2017,2041,NSW,Capital
10,2017,2048,NSW,Regional
40,2017,2048,NSW,Regional
53,2017,2048,NSW,Regional
83,2017,2048,NSW,Regional
97,2017,2048,NSW,Regional
34,2017,5051,SA,Regional
35,2017,5051,SA,Regional
59,2017,5051,SA,Regional
103,2017,5051,SA,Regional
54,2017,5051,SA,Regional
100,2017,5051,SA,Regional
84,2017,5051,SA,Regional
114,2017,2058,NSW,Regional
23,2017,2058,NSW,Regional
96,2017,2058,NSW,Regional
3,2017,2058,NSW,Regional
131,2017,2058,NSW,Regional
105,2017,5068,SA,Regional
63,2017,5068,SA,Regional
44,2017,5068,SA,Regional
46,2017,5068,SA,Regional
103,2017,5068,SA,Regional
28,2017,5068,SA,Regional
36,2017,5068,SA,Regional
64,2017,3076,VIC,Regional
9,2017,3076,VIC,Regional
29,2017,3076,VIC,Regional
44,2017,3076,VIC,Regional
29,2017,4078,QLD,Regional
16,2017,4078,QLD,Regional
69,2017,4078,QLD,Regional
141,2017,4078,QLD,Regional
49,2017,4078,QLD,Regional
55,2017,4078,QLD,Regional
57,2017,4078,QLD,Regional
4,2017,5081,SA,Regional
130,2017,5081,SA,Regional
2,2017,5081,SA,Regional
22,2017,5081,SA,Regional
25,2017,5081,SA,Regional
95,2017,5081,SA,Regional
67,2017,5081,SA,Regional
52,2017,6114,WA,Regional
14,2017,6114,WA,Regional
47,2017,6114,WA,Regional
55,2017,6114,WA,Regional
74,2017,6114,WA,Regional
73,2017,7118,TAS,Regional
4,2017,7118,TAS,Regional
4,2017,7118,TAS,Regional
40,2017,7118,TAS,Regional
53,2017,7118,TAS,Regional
19,2017,7118,TAS,Regional
46,2017,7118,TAS,Regional
130,2017,7120,TAS,Regional
93,2017,7120,TAS,Regional
101,2017,7120,TAS,Regional
84,2017,7120,TAS,Regional
26,2017,7120,TAS,Regional
177,2017,7120,TAS,Regional
30,2017,7120,TAS,Regional
43,2017,2004,NSW,Capital
84,2017,2004,NSW,Capital
88,2017,2004,NSW,Capital
88,2017,2004,NSW,Capital
88,2017,2004,NSW,Capital
38,2017,4010,QLD,Capital
25,2017,4010,QLD,Capital
36,2017,4010,QLD,Capital
23,2017,4010,QLD,Capital
38,2017,4010,QLD,Capital
158,2017,4010,QLD,Capital
196,2017,4010,QLD,Capital
67,2017,3013,VIC,Capital
3,2017,3013,VIC,Capital
7,2017,3013,VIC,Capital
60,2017,3013,VIC,Capital
119,2017,3013,VIC,Capital
27,2017,3013,VIC,Capital
58,2017,3013,VIC,Capital
76,2017,3017,VIC,Regional
72,2017,3017,VIC,Regional
94,2017,3017,VIC,Regional
16,2017,3017,VIC,Regional
78,2017,3017,VIC,Regional
73,2017,3017,VIC,Regional
45,2017,3017,VIC,Regional
68,2017,2018,NSW,Regional
120,2017,2018,NSW,Regional
120,2017,2018,NSW,Regional
59,2017,2018,NSW,Regional
90,2017,2018,NSW,Regional
95,2017,2019,NSW,Capital
74,2017,2019,NSW,Capital
63,2017,2019,NSW,Capital
43,2017,2019,NSW,Capital
148,2017,2019,NSW,Capital
29,2017,820,NT,Regional
12,2017,820,NT,Regional
101,2017,820,NT,Regional
44,2017,820,NT,Regional
13,2017,820,NT,Regional
193,2017,820,NT,Regional
209,2017,820,NT,Regional
175,2017,5021,SA,Capital
57,2017,5021,SA,Capital
47,2017,5021,SA,Capital
41,2017,5021,SA,Capital
106,2017,5021,SA,Capital
72,2017,5021,SA,Capital
71,2017,5021,SA,Capital
66,2017,824,NT,Regional
88,2017,824,NT,Regional
10,2017,824,NT,Regional
140,2017,824,NT,Regional
5,2017,824,NT,Regional
89,2017,824,NT,Regional
143,2017,824,NT,Regional
127,2017,5025,SA,Regional
39,2017,5025,SA,Regional
38,2017,5025,SA,Regional
14,2017,5025,SA,Regional
40,2017,5025,SA,Regional
57,2017,5025,SA,Regional
55,2017,5025,SA,Regional
68,2017,3027,VIC,Capital
42,2017,3027,VIC,Capital
62,2017,3027,VIC,Capital
58,2017,3027,VIC,Capital
111,2017,3027,VIC,Capital
29,2017,3027,VIC,Capital
2,2017,3027,VIC,Capital
172,2017,828,NT,Regional
13,2017,828,NT,Regional
65,2017,828,NT,Regional
31,2017,828,NT,Regional
21,2017,828,NT,Regional
49,2017,828,NT,Regional
46,2017,828,NT,Regional
46,2017,829,NT,Regional
148,2017,829,NT,Regional
116,2017,829,NT,Regional
34,2017,829,NT,Regional
69,2017,829,NT,Regional
23,2017,829,NT,Regional
78,2017,829,NT,Regional
5,2017,5040,SA,Regional
15,2017,5040,SA,Regional
90,2017,5040,SA,Regional
97,2017,5040,SA,Regional
47,2017,5040,SA,Regional
31,2017,5040,SA,Regional
55,2017,5040,SA,Regional
70,2017,2041,NSW,Capital
95,2017,2041,NSW,Capital
44,2017,2041,NSW,Capital
59,2017,2041,NSW,Capital
58,2017,2041,NSW,Capital
65,2017,2048,NSW,Regional
36,2017,2048,NSW,Regional
24,2017,2048,NSW,Regional
97,2017,2048,NSW,Regional
59,2017,2048,NSW,Regional
94,2017,5051,SA,Regional
130,2017,5051,SA,Regional
43,2017,5051,SA,Regional
2,2017,5051,SA,Regional
41,2017,5051,SA,Regional
53,2017,5051,SA,Regional
17,2017,5051,SA,Regional
56,2017,5068,SA,Regional
39,2017,5068,SA,Regional
73,2017,5068,SA,Regional
28,2017,5068,SA,Regional
159,2017,5068,SA,Regional
79,2017,5068,SA,Regional
17,2017,5068,SA,Regional
55,2017,3076,VIC,Regional
45,2017,3076,VIC,Regional
13,2017,3076,VIC,Regional
59,2017,3076,VIC,Regional
14,2017,3076,VIC,Regional
124,2017,3076,VIC,Regional
62,2017,3076,VIC,Regional
19,2017,4078,QLD,Regional
65,2017,4078,QLD,Regional
32,2017,4078,QLD,Regional
23,2017,4078,QLD,Regional
15,2017,4078,QLD,Regional
65,2017,4078,QLD,Regional
19,2017,4078,QLD,Regional
62,2017,5081,SA,Regional
21,2017,5081,SA,Regional
48,2017,5081,SA,Regional
56,2017,5081,SA,Regional
50,2017,5081,SA,Regional
30,2017,5081,SA,Regional
31,2017,5081,SA,Regional
24,2017,7120,TAS,Regional
131,2017,7120,TAS,Regional
37,2017,7120,TAS,Regional
67,2017,7120,TAS,Regional
107,2017,7120,TAS,Regional
161,2017,7120,TAS,Regional
49,2017,7120,TAS,Regional
44,2017,6121,WA,Regional
97,2017,6121,WA,Regional
50,2017,6121,WA,Regional
23,2017,6121,WA,Regional
19,2017,6121,WA,Regional
26,2017,6121,WA,Regional
21,2017,6121,WA,Regional
8,2017,6122,WA,Regional
32,2017,6122,WA,Regional
94,2017,6122,WA,Regional
3,2017,6122,WA,Regional
110,2017,6122,WA,Regional
4,2017,6122,WA,Regional
7,2017,6122,WA,Regional
6,2017,6123,WA,Regional
107,2017,6123,WA,Regional
89,2017,6123,WA,Regional
26,2017,6123,WA,Regional
123,2017,6123,WA,Regional
9,2017,6123,WA,Regional
41,2017,6123,WA,Regional
39,2017,6124,WA,Regional
122,2017,6124,WA,Regional
6,2017,6124,WA,Regional
91,2017,6124,WA,Regional
86,2017,6124,WA,Regional
75,2017,6124,WA,Regional
103,2017,6124,WA,Regional
46,2017,6125,WA,Regional
16,2017,6125,WA,Regional
74,2017,6125,WA,Regional
12,2017,6125,WA,Regional
38,2017,6125,WA,Regional
106,2017,6125,WA,Regional
57,2017,6125,WA,Regional
23,2017,7129,TAS,Regional
20,2017,7129,TAS,Regional
8,2017,7129,TAS,Regional
72,2017,7129,TAS,Regional
1,2017,7129,TAS,Regional
4,2017,7129,TAS,Regional
34,2017,7129,TAS,Regional
74,2017,3013,VIC,Capital
116,2017,3013,VIC,Capital
6,2017,3013,VIC,Capital
31,2017,3013,VIC,Capital
168,2017,3013,VIC,Capital
147,2017,3013,VIC,Capital
102,2017,3013,VIC,Capital
3,2017,3017,VIC,Regional
40,2017,3017,VIC,Regional
33,2017,3017,VIC,Regional
54,2017,3017,VIC,Regional
7,2017,824,NT,Regional
120,2017,824,NT,Regional
8,2017,824,NT,Regional
139,2017,824,NT,Regional
34,2017,824,NT,Regional
11,2017,824,NT,Regional
45,2017,824,NT,Regional
64,2017,3027,VIC,Capital
125,2017,3027,VIC,Capital
12,2017,3027,VIC,Capital
91,2017,3027,VIC,Capital
51,2017,3027,VIC,Capital
70,2017,3027,VIC,Capital
82,2017,3027,VIC,Capital
158,2017,828,NT,Regional
92,2017,828,NT,Regional
63,2017,828,NT,Regional
8,2017,828,NT,Regional
36,2017,828,NT,Regional
62,2017,828,NT,Regional
20,2017,828,NT,Regional
65,2017,829,NT,Regional
38,2017,829,NT,Regional
38,2017,829,NT,Regional
32,2017,829,NT,Regional
114,2017,829,NT,Regional
78,2017,829,NT,Regional
120,2017,829,NT,Regional
31,2017,5068,SA,Regional
34,2017,5068,SA,Regional
40,2017,5068,SA,Regional
153,2017,5068,SA,Regional
44,2017,3076,VIC,Regional
22,2017,3076,VIC,Regional
17,2017,3076,VIC,Regional
70,2017,3076,VIC,Regional
150,2017,7118,TAS,Regional
98,2017,7118,TAS,Regional
73,2017,7118,TAS,Regional
72,2017,7118,TAS,Regional
1,2017,7118,TAS,Regional
1,2017,7118,TAS,Regional
1,2017,7118,TAS,Regional
142,2017,7120,TAS,Regional
91,2017,7120,TAS,Regional
88,2017,7120,TAS,Regional
12,2017,7120,TAS,Regional
3,2017,7120,TAS,Regional
21,2017,7120,TAS,Regional
123,2017,7120,TAS,Regional
111,2017,2004,NSW,Capital
107,2017,2004,NSW,Capital
50,2017,2004,NSW,Capital
23,2017,2004,NSW,Capital
147,2017,2004,NSW,Capital
58,2017,4010,QLD,Capital
142,2017,4010,QLD,Capital
14,2017,4010,QLD,Capital
135,2017,4010,QLD,Capital
71,2017,4010,QLD,Capital
41,2017,4010,QLD,Capital
57,2017,4010,QLD,Capital
24,2017,3013,VIC,Capital
29,2017,3013,VIC,Capital
103,2017,3013,VIC,Capital
119,2017,3013,VIC,Capital
78,2017,3013,VIC,Capital
36,2017,3013,VIC,Capital
12,2017,3013,VIC,Capital
42,2017,3017,VIC,Regional
66,2017,3017,VIC,Regional
57,2017,3017,VIC,Regional
87,2017,3017,VIC,Regional
99,2017,2018,NSW,Regional
47,2017,2018,NSW,Regional
45,2017,2018,NSW,Regional
67,2017,2018,NSW,Regional
118,2017,2018,NSW,Regional
11,2017,2018,NSW,Regional
49,2017,2018,NSW,Regional
5,2017,2019,NSW,Capital
67,2017,2019,NSW,Capital
19,2017,2019,NSW,Capital
19,2017,2019,NSW,Capital
93,2017,2019,NSW,Capital
46,2017,5025,SA,Regional
71,2017,5025,SA,Regional
34,2017,5025,SA,Regional
34,2017,5025,SA,Regional
128,2017,5025,SA,Regional
156,2017,5025,SA,Regional
25,2017,5025,SA,Regional
53,2017,3027,VIC,Capital
12,2017,3027,VIC,Capital
78,2017,3027,VIC,Capital
24,2017,3027,VIC,Capital
136,2017,3027,VIC,Capital
12,2017,3027,VIC,Capital
122,2017,3027,VIC,Capital
31,2017,829,NT,Regional
122,2017,829,NT,Regional
16,2017,829,NT,Regional
100,2017,829,NT,Regional
110,2017,829,NT,Regional
75,2017,829,NT,Regional
61,2017,829,NT,Regional
77,2017,2041,NSW,Capital
183,2017,2041,NSW,Capital
78,2017,2041,NSW,Capital
98,2017,2041,NSW,Capital
0,2017,2041,NSW,Capital
136,2017,2048,NSW,Regional
40,2017,2048,NSW,Regional
71,2017,2048,NSW,Regional
33,2017,2048,NSW,Regional
45,2017,2048,NSW,Regional
23,2017,5068,SA,Regional
3,2017,5068,SA,Regional
148,2017,5068,SA,Regional
30,2017,5068,SA,Regional
119,2017,5068,SA,Regional
43,2017,5068,SA,Regional
18,2017,5068,SA,Regional
68,2017,3076,VIC,Regional
50,2017,3076,VIC,Regional
62,2017,3076,VIC,Regional
20,2017,3076,VIC,Regional
153,2017,5081,SA,Regional
71,2017,5081,SA,Regional
52,2017,5081,SA,Regional
8,2017,5081,SA,Regional
97,2017,5081,SA,Regional
19,2017,5081,SA,Regional
43,2017,5081,SA,Regional
3,2017,6114,WA,Regional
37,2017,6114,WA,Regional
32,2017,6114,WA,Regional
25,2017,6114,WA,Regional
6,2017,6114,WA,Regional
11,2017,6114,WA,Regional
84,2017,6114,WA,Regional
87,2017,7120,TAS,Regional
95,2017,7120,TAS,Regional
5,2017,7120,TAS,Regional
43,2017,7120,TAS,Regional
8,2017,7120,TAS,Regional
12,2017,7120,TAS,Regional
43,2017,7120,TAS,Regional
40,2017,7129,TAS,Regional
116,2017,7129,TAS,Regional
33,2017,7129,TAS,Regional
61,2017,7129,TAS,Regional
46,2017,7129,TAS,Regional
5,2017,7129,TAS,Regional
84,2017,7129,TAS,Regional
57,2019,2004,NSW,Capital
22,2019,2004,NSW,Capital
60,2019,2004,NSW,Capital
28,2019,2004,NSW,Capital
170,2019,2004,NSW,Capital
3,2019,4010,QLD,Capital
5,2019,4010,QLD,Capital
95,2019,4010,QLD,Capital
53,2019,4010,QLD,Capital
4,2019,4010,QLD,Capital
135,2019,4010,QLD,Capital
104,2019,4010,QLD,Capital
95,2019,3013,VIC,Capital
30,2019,3013,VIC,Capital
83,2019,3013,VIC,Capital
38,2019,3013,VIC,Capital
50,2019,3013,VIC,Capital
86,2019,3013,VIC,Capital
130,2019,3013,VIC,Capital
4,2019,3017,VIC,Regional
110,2019,3017,VIC,Regional
55,2019,3017,VIC,Regional
4,2019,3017,VIC,Regional
47,2019,3017,VIC,Regional
104,2019,3017,VIC,Regional
49,2019,2018,NSW,Regional
8,2019,2018,NSW,Regional
1,2019,2018,NSW,Regional
72,2019,2018,NSW,Regional
18,2019,2018,NSW,Regional
17,2019,2019,NSW,Capital
78,2019,2019,NSW,Capital
27,2019,2019,NSW,Capital
60,2019,2019,NSW,Capital
26,2019,2019,NSW,Capital
37,2019,5025,SA,Regional
158,2019,5025,SA,Regional
30,2019,5025,SA,Regional
113,2019,5025,SA,Regional
0,2019,5025,SA,Regional
53,2019,5025,SA,Regional
111,2019,5025,SA,Regional
10,2019,3027,VIC,Capital
38,2019,3027,VIC,Capital
13,2019,3027,VIC,Capital
16,2019,3027,VIC,Capital
19,2019,3027,VIC,Capital
48,2019,3027,VIC,Capital
24,2019,3027,VIC,Capital
34,2019,828,NT,Regional
26,2019,828,NT,Regional
65,2019,828,NT,Regional
62,2019,828,NT,Regional
64,2019,828,NT,Regional
40,2019,828,NT,Regional
13,2019,828,NT,Regional
74,2019,2041,NSW,Capital
87,2019,2041,NSW,Capital
79,2019,2041,NSW,Capital
14,2019,2041,NSW,Capital
5,2019,2041,NSW,Capital
33,2019,2048,NSW,Regional
15,2019,2048,NSW,Regional
19,2019,2048,NSW,Regional
5,2019,2048,NSW,Regional
64,2019,2048,NSW,Regional
75,2019,5068,SA,Regional
75,2019,5068,SA,Regional
102,2019,5068,SA,Regional
13,2019,5068,SA,Regional
68,2019,5068,SA,Regional
19,2019,5068,SA,Regional
127,2019,5068,SA,Regional
24,2019,3076,VIC,Regional
138,2019,3076,VIC,Regional
27,2019,3076,VIC,Regional
37,2019,3076,VIC,Regional
34,2019,3076,VIC,Regional
59,2019,3076,VIC,Regional
11,2019,4078,QLD,Regional
43,2019,4078,QLD,Regional
3,2019,4078,QLD,Regional
6,2019,4078,QLD,Regional
72,2019,4078,QLD,Regional
54,2019,4078,QLD,Regional
1,2019,4078,QLD,Regional
11,2019,5081,SA,Regional
36,2019,5081,SA,Regional
32,2019,5081,SA,Regional
119,2019,5081,SA,Regional
23,2019,5081,SA,Regional
43,2019,5081,SA,Regional
121,2019,5081,SA,Regional
4,2019,6114,WA,Regional
55,2019,6114,WA,Regional
103,2019,6114,WA,Regional
20,2019,6114,WA,Regional
71,2019,6114,WA,Regional
19,2019,6114,WA,Regional
19,2019,6114,WA,Regional
43,2019,7120,TAS,Regional
11,2019,7120,TAS,Regional
2,2019,7120,TAS,Regional
35,2019,7120,TAS,Regional
25,2019,7120,TAS,Regional
92,2019,7120,TAS,Regional
42,2019,7120,TAS,Regional
6,2019,6121,WA,Regional
19,2019,6121,WA,Regional
24,2019,6121,WA,Regional
134,2019,6121,WA,Regional
38,2019,6121,WA,Regional
1,2019,6121,WA,Regional
29,2019,6121,WA,Regional
65,2019,6122,WA,Regional
56,2019,6122,WA,Regional
22,2019,6122,WA,Regional
93,2019,6122,WA,Regional
43,2019,6122,WA,Regional
113,2019,6122,WA,Regional
61,2019,6122,WA,Regional
6,2019,6123,WA,Regional
40,2019,6123,WA,Regional
30,2019,6123,WA,Regional
99,2019,6123,WA,Regional
4,2019,6123,WA,Regional
96,2019,6123,WA,Regional
87,2019,6123,WA,Regional
44,2019,6124,WA,Regional
52,2019,6124,WA,Regional
24,2019,6124,WA,Regional
30,2019,6124,WA,Regional
1,2019,6124,WA,Regional
38,2019,6124,WA,Regional
25,2019,6124,WA,Regional
48,2019,6125,WA,Regional
60,2019,6125,WA,Regional
0,2019,6125,WA,Regional
102,2019,6125,WA,Regional
4,2019,6125,WA,Regional
84,2019,6125,WA,Regional
13,2019,6125,WA,Regional
86,2019,7129,TAS,Regional
14,2019,7129,TAS,Regional
63,2019,7129,TAS,Regional
63,2019,7129,TAS,Regional
79,2019,7129,TAS,Regional
9,2019,7129,TAS,Regional
6,2019,7129,TAS,Regional
133,2017,3013,VIC,Capital
25,2017,3013,VIC,Capital
82,2017,3013,VIC,Capital
6,2017,3013,VIC,Capital
86,2017,3013,VIC,Capital
76,2017,3013,VIC,Capital
92,2017,3013,VIC,Capital
66,2017,3027,VIC,Capital
102,2017,3027,VIC,Capital
41,2017,3027,VIC,Capital
104,2017,3027,VIC,Capital
40,2017,3027,VIC,Capital
84,2017,3027,VIC,Capital
38,2017,3027,VIC,Capital
32,2017,2004,NSW,Capital
67,2017,2004,NSW,Capital
229,2017,2004,NSW,Capital
109,2017,2004,NSW,Capital
59,2017,2004,NSW,Capital
12,2017,3013,VIC,Capital
96,2017,3013,VIC,Capital
15,2017,3013,VIC,Capital
64,2017,3013,VIC,Capital
16,2017,3013,VIC,Capital
129,2017,3013,VIC,Capital
110,2017,3013,VIC,Capital
3,2017,2019,NSW,Capital
39,2017,2019,NSW,Capital
137,2017,2019,NSW,Capital
136,2017,2019,NSW,Capital
156,2017,2019,NSW,Capital
81,2017,3027,VIC,Capital
73,2017,3027,VIC,Capital
159,2017,3027,VIC,Capital
159,2017,3027,VIC,Capital
84,2017,3027,VIC,Capital
107,2017,3027,VIC,Capital
31,2017,3027,VIC,Capital
175,2017,2041,NSW,Capital
81,2017,2041,NSW,Capital
76,2017,2041,NSW,Capital
85,2017,2041,NSW,Capital
106,2017,2041,NSW,Capital
44,2019,2004,NSW,Capital
73,2019,2004,NSW,Capital
104,2019,2004,NSW,Capital
26,2019,2004,NSW,Capital
183,2019,2004,NSW,Capital
2,2019,4010,QLD,Capital
5,2019,4010,QLD,Capital
39,2019,4010,QLD,Capital
9,2019,4010,QLD,Capital
88,2019,4010,QLD,Capital
3,2019,4010,QLD,Capital
9,2019,4010,QLD,Capital
50,2019,3013,VIC,Capital
39,2019,3013,VIC,Capital
53,2019,3013,VIC,Capital
99,2019,3013,VIC,Capital
107,2019,3013,VIC,Capital
42,2019,3013,VIC,Capital
7,2019,3013,VIC,Capital
8,2019,2019,NSW,Capital
58,2019,2019,NSW,Capital
97,2019,2019,NSW,Capital
41,2019,2019,NSW,Capital
91,2019,2019,NSW,Capital
5,2019,3027,VIC,Capital
23,2019,3027,VIC,Capital
8,2019,3027,VIC,Capital
22,2019,3027,VIC,Capital
77,2019,3027,VIC,Capital
36,2019,3027,VIC,Capital
75,2019,3027,VIC,Capital
120,2019,2041,NSW,Capital
146,2019,2041,NSW,Capital
67,2019,2041,NSW,Capital
91,2019,2041,NSW,Capital
8,2019,2041,NSW,Capital
96,2017,3013,VIC,Capital
20,2017,3013,VIC,Capital
5,2017,3013,VIC,Capital
11,2017,3013,VIC,Capital
122,2017,3013,VIC,Capital
118,2017,3013,VIC,Capital
19,2017,3013,VIC,Capital
28,2017,3027,VIC,Capital
97,2017,3027,VIC,Capital
78,2017,3027,VIC,Capital
112,2017,3027,VIC,Capital
85,2017,3027,VIC,Capital
87,2017,3027,VIC,Capital
51,2017,3027,VIC,Capital
22,2017,2004,NSW,Capital
70,2017,2004,NSW,Capital
1,2017,2004,NSW,Capital
83,2017,2004,NSW,Capital
65,2017,2004,NSW,Capital
17,2017,4010,QLD,Capital
56,2017,4010,QLD,Capital
71,2017,4010,QLD,Capital
74,2017,4010,QLD,Capital
136,2017,4010,QLD,Capital
111,2017,4010,QLD,Capital
57,2017,4010,QLD,Capital
60,2017,3013,VIC,Capital
48,2017,3013,VIC,Capital
106,2017,3013,VIC,Capital
8,2017,3013,VIC,Capital
113,2017,3013,VIC,Capital
18,2017,3013,VIC,Capital
21,2017,3013,VIC,Capital
15,2017,2019,NSW,Capital
55,2017,2019,NSW,Capital
27,2017,2019,NSW,Capital
139,2017,2019,NSW,Capital
48,2017,2019,NSW,Capital
141,2017,3027,VIC,Capital
37,2017,3027,VIC,Capital
16,2017,3027,VIC,Capital
3,2017,3027,VIC,Capital
18,2017,3027,VIC,Capital
125,2017,3027,VIC,Capital
77,2017,3027,VIC,Capital
105,2017,2041,NSW,Capital
103,2017,2041,NSW,Capital
50,2017,2041,NSW,Capital
121,2017,2041,NSW,Capital
99,2017,2041,NSW,Capital
22,2017,3013,VIC,Capital
30,2017,3013,VIC,Capital
66,2017,3013,VIC,Capital
19,2017,3013,VIC,Capital
36,2017,3013,VIC,Capital
22,2017,3013,VIC,Capital
55,2017,3013,VIC,Capital
38,2017,3027,VIC,Capital
6,2017,3027,VIC,Capital
86,2017,3027,VIC,Capital
84,2017,3027,VIC,Capital
104,2017,3027,VIC,Capital
79,2017,3027,VIC,Capital
42,2017,3027,VIC,Capital
160,2017,2004,NSW,Capital
145,2017,2004,NSW,Capital
84,2017,2004,NSW,Capital
172,2017,2004,NSW,Capital
100,2017,2004,NSW,Capital
21,2017,3013,VIC,Capital
20,2017,3013,VIC,Capital
16,2017,3013,VIC,Capital
124,2017,3013,VIC,Capital
81,2017,3013,VIC,Capital
42,2017,3013,VIC,Capital
142,2017,3013,VIC,Capital
112,2017,2019,NSW,Capital
18,2017,2019,NSW,Capital
4,2017,2019,NSW,Capital
33,2017,2019,NSW,Capital
23,2017,2019,NSW,Capital
74,2017,3027,VIC,Capital
33,2017,3027,VIC,Capital
11,2017,3027,VIC,Capital
90,2017,3027,VIC,Capital
116,2017,3027,VIC,Capital
73,2017,3027,VIC,Capital
7,2017,3027,VIC,Capital
59,2017,2041,NSW,Capital
60,2017,2041,NSW,Capital
80,2017,2041,NSW,Capital
96,2017,2041,NSW,Capital
11,2017,2041,NSW,Capital
132,2019,2004,NSW,Capital
81,2019,2004,NSW,Capital
75,2019,2004,NSW,Capital
92,2019,2004,NSW,Capital
142,2019,2004,NSW,Capital
7,2019,4010,QLD,Capital
25,2019,4010,QLD,Capital
1,2019,4010,QLD,Capital
1,2019,4010,QLD,Capital
5,2019,4010,QLD,Capital
78,2019,4010,QLD,Capital
0,2019,3013,VIC,Capital
2,2019,3013,VIC,Capital
22,2019,3013,VIC,Capital
4,2019,3013,VIC,Capital
174,2019,3013,VIC,Capital
55,2019,3013,VIC,Capital
89,2019,3013,VIC,Capital
10,2019,2019,NSW,Capital
52,2019,2019,NSW,Capital
20,2019,2019,NSW,Capital
107,2019,2019,NSW,Capital
7,2019,2019,NSW,Capital
27,2019,3027,VIC,Capital
74,2019,3027,VIC,Capital
26,2019,3027,VIC,Capital
109,2019,3027,VIC,Capital
77,2019,3027,VIC,Capital
9,2019,3027,VIC,Capital
8,2019,3027,VIC,Capital
159,2019,2041,NSW,Capital
38,2019,2041,NSW,Capital
36,2019,2041,NSW,Capital
62,2019,2041,NSW,Capital
22,2019,2041,NSW,Capital
232,2019,2004,NSW,Capital
104,2019,2004,NSW,Capital
123,2019,2004,NSW,Capital
74,2019,2004,NSW,Capital
134,2019,2004,NSW,Capital
7,2019,4010,QLD,Capital
1,2019,4010,QLD,Capital
138,2019,4010,QLD,Capital
5,2019,4010,QLD,Capital
0,2019,4010,QLD,Capital
90,2019,4010,QLD,Capital
110,2019,4010,QLD,Capital
111,2019,2019,NSW,Capital
19,2019,2019,NSW,Capital
74,2019,2019,NSW,Capital
103,2019,2019,NSW,Capital
78,2019,2019,NSW,Capital
207,2019,2041,NSW,Capital
117,2019,2041,NSW,Capital
26,2019,2041,NSW,Capital
49,2019,2041,NSW,Capital
89,2019,2041,NSW,Capital
107,2019,4010,QLD,Capital
100,2019,4010,QLD,Capital
6,2019,4010,QLD,Capital
68,2019,4010,QLD,Capital
73,2019,4010,QLD,Capital
133,2019,4010,QLD,Capital
48,2019,4010,QLD,Capital
150,2019,5025,SA,Regional
55,2019,5025,SA,Regional
16,2019,5025,SA,Regional
27,2019,5025,SA,Regional
43,2019,5025,SA,Regional
120,2019,5025,SA,Regional
49,2019,5025,SA,Regional
26,2019,5068,SA,Regional
18,2019,5068,SA,Regional
12,2019,5068,SA,Regional
19,2019,5068,SA,Regional
14,2019,5068,SA,Regional
83,2019,5068,SA,Regional
76,2019,5068,SA,Regional
10,2019,4078,QLD,Regional
150,2019,4078,QLD,Regional
2,2019,4078,QLD,Regional
3,2019,4078,QLD,Regional
22,2019,4078,QLD,Regional
144,2019,4078,QLD,Regional
49,2019,4078,QLD,Regional
14,2019,5081,SA,Regional
102,2019,5081,SA,Regional
42,2019,5081,SA,Regional
70,2019,5081,SA,Regional
17,2019,5081,SA,Regional
6,2019,5081,SA,Regional
55,2019,5081,SA,Regional
20,2019,2019,NSW,Capital
100,2019,2019,NSW,Capital
8,2019,2019,NSW,Capital
36,2019,2019,NSW,Capital
19,2019,2019,NSW,Capital
65,2019,824,NT,Regional
64,2019,824,NT,Regional
149,2019,824,NT,Regional
7,2019,824,NT,Regional
16,2019,824,NT,Regional
79,2019,824,NT,Regional
42,2019,824,NT,Regional
56,2019,828,NT,Regional
9,2019,828,NT,Regional
5,2019,828,NT,Regional
98,2019,828,NT,Regional
29,2019,828,NT,Regional
31,2019,828,NT,Regional
70,2019,828,NT,Regional
72,2019,5040,SA,Regional
46,2019,5040,SA,Regional
65,2019,5040,SA,Regional
56,2019,5040,SA,Regional
5,2019,5040,SA,Regional
48,2019,5040,SA,Regional
25,2019,5040,SA,Regional
70,2019,2041,NSW,Capital
113,2019,2041,NSW,Capital
112,2019,2041,NSW,Capital
108,2019,2041,NSW,Capital
45,2019,2041,NSW,Capital
10,2019,842,NT,Regional
28,2019,842,NT,Regional
106,2019,842,NT,Regional
3,2019,842,NT,Regional
45,2019,842,NT,Regional
28,2019,2018,NSW,Regional
144,2019,2018,NSW,Regional
111,2019,2018,NSW,Regional
67,2019,2018,NSW,Regional
50,2019,2018,NSW,Regional
51,2019,5021,SA,Capital
51,2019,5021,SA,Capital
86,2019,5021,SA,Capital
10,2019,5021,SA,Capital
15,2019,5021,SA,Capital
55,2019,5021,SA,Capital
51,2019,5021,SA,Capital
2,2019,5051,SA,Regional
19,2019,5051,SA,Regional
117,2019,5051,SA,Regional
4,2019,5051,SA,Regional
32,2019,5051,SA,Regional
1,2019,5051,SA,Regional
46,2019,5051,SA,Regional
10,2019,6122,WA,Regional
15,2019,6122,WA,Regional
8,2019,6122,WA,Regional
82,2019,6122,WA,Regional
26,2019,6122,WA,Regional
9,2019,6122,WA,Regional
60,2019,6122,WA,Regional
57,2019,6124,WA,Regional
62,2019,6124,WA,Regional
55,2019,6124,WA,Regional
10,2019,6124,WA,Regional
110,2019,6124,WA,Regional
77,2019,6124,WA,Regional
194,2019,6124,WA,Regional
53,2019,2004,NSW,Capital
57,2019,2004,NSW,Capital
34,2019,2004,NSW,Capital
52,2019,2004,NSW,Capital
93,2019,2004,NSW,Capital
133,2019,2048,NSW,Regional
76,2019,2048,NSW,Regional
69,2019,2048,NSW,Regional
3,2019,2048,NSW,Regional
45,2019,2048,NSW,Regional
34,2019,6114,WA,Regional
23,2019,6114,WA,Regional
6,2019,6114,WA,Regional
15,2019,6114,WA,Regional
74,2019,6114,WA,Regional
29,2019,6114,WA,Regional
60,2019,6114,WA,Regional
23,2019,6121,WA,Regional
74,2019,6121,WA,Regional
25,2019,6121,WA,Regional
199,2019,6121,WA,Regional
35,2019,6121,WA,Regional
65,2019,6121,WA,Regional
78,2019,6121,WA,Regional
26,2019,6123,WA,Regional
8,2019,6123,WA,Regional
87,2019,6123,WA,Regional
7,2019,6123,WA,Regional
90,2019,6123,WA,Regional
62,2019,6123,WA,Regional
33,2019,6123,WA,Regional
25,2019,6125,WA,Regional
27,2019,6125,WA,Regional
34,2019,6125,WA,Regional
94,2019,6125,WA,Regional
23,2019,6125,WA,Regional
160,2019,6125,WA,Regional
145,2019,6125,WA,Regional
49,2019,3076,VIC,Regional
74,2019,3076,VIC,Regional
65,2019,3076,VIC,Regional
68,2019,3076,VIC,Regional
2,2019,3076,VIC,Regional
40,2019,3076,VIC,Regional
86,2019,3076,VIC,Regional
10,2019,3013,VIC,Capital
103,2019,3013,VIC,Capital
51,2019,3013,VIC,Capital
5,2019,3013,VIC,Capital
31,2019,3013,VIC,Capital
27,2019,3013,VIC,Capital
4,2019,3013,VIC,Capital
43,2019,3013,VIC,Capital
25,2019,3013,VIC,Capital
44,2019,3013,VIC,Capital
88,2019,3013,VIC,Capital
157,2019,3013,VIC,Capital
48,2019,3013,VIC,Capital
49,2019,3013,VIC,Capital
7,2019,3017,VIC,Regional
20,2019,3017,VIC,Regional
99,2019,3017,VIC,Regional
65,2019,3017,VIC,Regional
35,2019,3017,VIC,Regional
98,2019,3017,VIC,Regional
39,2019,3017,VIC,Regional
60,2019,3027,VIC,Capital
124,2019,3027,VIC,Capital
33,2019,3027,VIC,Capital
105,2019,3027,VIC,Capital
71,2019,3027,VIC,Capital
24,2019,3027,VIC,Capital
116,2019,3027,VIC,Capital
36,2019,3027,VIC,Capital
2,2019,3027,VIC,Capital
12,2019,3027,VIC,Capital
137,2019,3027,VIC,Capital
139,2019,3027,VIC,Capital
67,2019,3027,VIC,Capital
7,2019,3027,VIC,Capital
65,2019,7116,TAS,Regional
54,2019,7116,TAS,Regional
31,2019,7116,TAS,Regional
42,2019,7116,TAS,Regional
138,2019,7116,TAS,Regional
14,2019,7116,TAS,Regional
22,2019,7116,TAS,Regional
47,2019,7120,TAS,Regional
41,2019,7120,TAS,Regional
2,2019,7120,TAS,Regional
89,2019,7120,TAS,Regional
60,2019,7120,TAS,Regional
14,2019,7120,TAS,Regional
82,2019,7120,TAS,Regional
19,2019,7129,TAS,Regional
10,2019,7129,TAS,Regional
26,2019,7129,TAS,Regional
30,2019,7129,TAS,Regional
10,2019,7129,TAS,Regional
21,2019,7129,TAS,Regional
77,2019,7129,TAS,Regional
23,2019,4010,QLD,Capital
6,2019,4010,QLD,Capital
4,2019,4010,QLD,Capital
27,2019,4010,QLD,Capital
68,2019,4010,QLD,Capital
39,2019,4010,QLD,Capital
102,2019,4010,QLD,Capital
141,2019,2004,NSW,Capital
75,2019,2004,NSW,Capital
63,2019,2004,NSW,Capital
128,2019,2004,NSW,Capital
10,2019,2004,NSW,Capital
7,2019,2019,NSW,Capital
167,2019,2019,NSW,Capital
13,2019,2019,NSW,Capital
43,2019,2019,NSW,Capital
26,2019,2019,NSW,Capital
107,2019,2041,NSW,Capital
63,2019,2041,NSW,Capital
55,2019,2041,NSW,Capital
22,2019,2041,NSW,Capital
115,2019,2041,NSW,Capital
22,2019,6114,WA,Regional
76,2019,6114,WA,Regional
42,2019,6114,WA,Regional
45,2019,6114,WA,Regional
48,2019,6114,WA,Regional
76,2019,6114,WA,Regional
89,2019,6114,WA,Regional
76,2019,824,NT,Regional
2,2019,824,NT,Regional
79,2019,824,NT,Regional
36,2019,824,NT,Regional
61,2019,824,NT,Regional
81,2019,824,NT,Regional
13,2019,824,NT,Regional
92,2019,5025,SA,Regional
34,2019,5025,SA,Regional
128,2019,5025,SA,Regional
84,2019,5025,SA,Regional
12,2019,5025,SA,Regional
9,2019,5025,SA,Regional
42,2019,5025,SA,Regional
56,2019,828,NT,Regional
96,2019,828,NT,Regional
66,2019,828,NT,Regional
4,2019,828,NT,Regional
24,2019,828,NT,Regional
43,2019,828,NT,Regional
165,2019,828,NT,Regional
6,2019,4078,QLD,Regional
170,2019,4078,QLD,Regional
48,2019,4078,QLD,Regional
52,2019,4078,QLD,Regional
112,2019,4078,QLD,Regional
8,2019,4078,QLD,Regional
16,2019,4078,QLD,Regional
57,2019,2004,NSW,Capital
8,2019,2004,NSW,Capital
128,2019,2004,NSW,Capital
106,2019,2004,NSW,Capital
213,2019,2004,NSW,Capital
194,2019,2018,NSW,Regional
66,2019,2018,NSW,Regional
38,2019,2018,NSW,Regional
46,2019,2018,NSW,Regional
64,2019,2018,NSW,Regional
68,2019,2019,NSW,Capital
96,2019,2019,NSW,Capital
21,2019,2019,NSW,Capital
29,2019,2019,NSW,Capital
9,2019,2019,NSW,Capital
96,2019,5081,SA,Regional
133,2019,5081,SA,Regional
8,2019,5081,SA,Regional
3,2019,5081,SA,Regional
100,2019,5081,SA,Regional
3,2019,5081,SA,Regional
134,2019,5081,SA,Regional
17,2019,842,NT,Regional
124,2019,842,NT,Regional
60,2019,842,NT,Regional
55,2019,842,NT,Regional
83,2019,842,NT,Regional
125,2019,842,NT,Regional
110,2019,842,NT,Regional
22,2019,2041,NSW,Capital
34,2019,2041,NSW,Capital
102,2019,2041,NSW,Capital
70,2019,2041,NSW,Capital
45,2019,2041,NSW,Capital
36,2019,5068,SA,Regional
90,2019,5068,SA,Regional
146,2019,5068,SA,Regional
69,2019,5068,SA,Regional
55,2019,5068,SA,Regional
31,2019,5068,SA,Regional
6,2019,5068,SA,Regional
113,2019,6125,WA,Regional
41,2019,6125,WA,Regional
2,2019,6125,WA,Regional
13,2019,6125,WA,Regional
201,2019,6125,WA,Regional
21,2019,6125,WA,Regional
211,2019,6125,WA,Regional
133,2019,6124,WA,Regional
6,2019,6124,WA,Regional
9,2019,6124,WA,Regional
19,2019,6124,WA,Regional
30,2019,6124,WA,Regional
112,2019,6124,WA,Regional
89,2019,6124,WA,Regional
246,2019,6123,WA,Regional
36,2019,6123,WA,Regional
82,2019,6123,WA,Regional
64,2019,6123,WA,Regional
0,2019,6123,WA,Regional
37,2019,6123,WA,Regional
12,2019,6123,WA,Regional
7,2019,6122,WA,Regional
28,2019,6122,WA,Regional
21,2019,6122,WA,Regional
53,2019,6122,WA,Regional
52,2019,6122,WA,Regional
33,2019,6122,WA,Regional
51,2019,6122,WA,Regional
94,2019,6121,WA,Regional
118,2019,6121,WA,Regional
24,2019,6121,WA,Regional
48,2019,6121,WA,Regional
43,2019,6121,WA,Regional
71,2019,6121,WA,Regional
55,2019,6121,WA,Regional
43,2019,2048,NSW,Regional
53,2019,2048,NSW,Regional
141,2019,2048,NSW,Regional
77,2019,2048,NSW,Regional
163,2019,2048,NSW,Regional
49,2019,4010,QLD,Capital
73,2019,4010,QLD,Capital
80,2019,4010,QLD,Capital
21,2019,4010,QLD,Capital
8,2019,4010,QLD,Capital
2,2019,4010,QLD,Capital
66,2019,4010,QLD,Capital
182,2019,2004,NSW,Capital
3,2019,2004,NSW,Capital
65,2019,2004,NSW,Capital
52,2019,2004,NSW,Capital
134,2019,2004,NSW,Capital
152,2019,4010,QLD,Capital
67,2019,4010,QLD,Capital
4,2019,4010,QLD,Capital
85,2019,4010,QLD,Capital
11,2019,4010,QLD,Capital
1,2019,4010,QLD,Capital
6,2019,4010,QLD,Capital
196,2019,2041,NSW,Capital
128,2019,2041,NSW,Capital
78,2019,2041,NSW,Capital
51,2019,2041,NSW,Capital
15,2019,2041,NSW,Capital
7,2019,2019,NSW,Capital
86,2019,2019,NSW,Capital
48,2019,2019,NSW,Capital
67,2019,2019,NSW,Capital
17,2019,2019,NSW,Capital
9,2019,820,NT,Regional
42,2019,820,NT,Regional
35,2019,820,NT,Regional
178,2019,820,NT,Regional
34,2019,820,NT,Regional
207,2019,820,NT,Regional
20,2019,820,NT,Regional
19,2019,829,NT,Regional
56,2019,829,NT,Regional
52,2019,829,NT,Regional
42,2019,829,NT,Regional
72,2019,829,NT,Regional
74,2019,829,NT,Regional
6,2019,829,NT,Regional
53,2019,3013,VIC,Capital
5,2019,3013,VIC,Capital
153,2019,3013,VIC,Capital
57,2019,3013,VIC,Capital
8,2019,3013,VIC,Capital
25,2019,3013,VIC,Capital
3,2019,3013,VIC,Capital
127,2019,3013,VIC,Capital
41,2019,3013,VIC,Capital
66,2019,3013,VIC,Capital
45,2019,3013,VIC,Capital
36,2019,3013,VIC,Capital
56,2019,3013,VIC,Capital
64,2019,3013,VIC,Capital
77,2019,3013,VIC,Capital
34,2019,3013,VIC,Capital
150,2019,3013,VIC,Capital
39,2019,3013,VIC,Capital
58,2019,3013,VIC,Capital
43,2019,3013,VIC,Capital
31,2019,3013,VIC,Capital
65,2019,3017,VIC,Regional
19,2019,3017,VIC,Regional
83,2019,3017,VIC,Regional
43,2019,3017,VIC,Regional
144,2019,3017,VIC,Regional
104,2019,3017,VIC,Regional
18,2019,3017,VIC,Regional
11,2019,3027,VIC,Capital
85,2019,3027,VIC,Capital
75,2019,3027,VIC,Capital
70,2019,3027,VIC,Capital
26,2019,3027,VIC,Capital
26,2019,3027,VIC,Capital
112,2019,3027,VIC,Capital
15,2019,3027,VIC,Capital
82,2019,3027,VIC,Capital
70,2019,3027,VIC,Capital
6,2019,3027,VIC,Capital
43,2019,3027,VIC,Capital
114,2019,3027,VIC,Capital
86,2019,3027,VIC,Capital
43,2019,3027,VIC,Capital
6,2019,3027,VIC,Capital
51,2019,3027,VIC,Capital
75,2019,3027,VIC,Capital
106,2019,3027,VIC,Capital
51,2019,3027,VIC,Capital
90,2019,3027,VIC,Capital
15,2019,7116,TAS,Regional
17,2019,7116,TAS,Regional
77,2019,7116,TAS,Regional
18,2019,7116,TAS,Regional
7,2019,7116,TAS,Regional
198,2019,7116,TAS,Regional
112,2019,7116,TAS,Regional
42,2019,7120,TAS,Regional
7,2019,7120,TAS,Regional
44,2019,7120,TAS,Regional
8,2019,7120,TAS,Regional
114,2019,7120,TAS,Regional
90,2019,7120,TAS,Regional
53,2019,7120,TAS,Regional
15,2019,7129,TAS,Regional
25,2019,7129,TAS,Regional
28,2019,7129,TAS,Regional
51,2019,7129,TAS,Regional
87,2019,7129,TAS,Regional
128,2019,7129,TAS,Regional
42,2019,7129,TAS,Regional
145,2017,3013,VIC,Capital
167,2017,3013,VIC,Capital
99,2017,3013,VIC,Capital
17,2017,3013,VIC,Capital
28,2017,3013,VIC,Capital
32,2017,3013,VIC,Capital
26,2017,3013,VIC,Capital
105,2017,3017,VIC,Regional
82,2017,3017,VIC,Regional
27,2017,3017,VIC,Regional
13,2017,3017,VIC,Regional
42,2017,824,NT,Regional
86,2017,824,NT,Regional
144,2017,824,NT,Regional
15,2017,824,NT,Regional
88,2017,824,NT,Regional
39,2017,824,NT,Regional
19,2017,824,NT,Regional
22,2017,3027,VIC,Capital
133,2017,3027,VIC,Capital
40,2017,3027,VIC,Capital
44,2017,3027,VIC,Capital
47,2017,3027,VIC,Capital
89,2017,3027,VIC,Capital
73,2017,3027,VIC,Capital
89,2017,828,NT,Regional
10,2017,828,NT,Regional
33,2017,828,NT,Regional
34,2017,828,NT,Regional
23,2017,828,NT,Regional
23,2017,828,NT,Regional
46,2017,828,NT,Regional
28,2017,829,NT,Regional
4,2017,829,NT,Regional
9,2017,829,NT,Regional
9,2017,829,NT,Regional
10,2017,829,NT,Regional
50,2017,829,NT,Regional
4,2017,829,NT,Regional
33,2017,5068,SA,Regional
92,2017,5068,SA,Regional
4,2017,5068,SA,Regional
83,2017,5068,SA,Regional
84,2017,5068,SA,Regional
26,2017,5068,SA,Regional
46,2017,5068,SA,Regional
59,2017,3076,VIC,Regional
88,2017,3076,VIC,Regional
39,2017,3076,VIC,Regional
21,2017,3076,VIC,Regional
57,2017,6114,WA,Regional
44,2017,6114,WA,Regional
8,2017,6114,WA,Regional
60,2017,6114,WA,Regional
1,2017,6114,WA,Regional
45,2017,6114,WA,Regional
49,2017,6114,WA,Regional
72,2017,7118,TAS,Regional
10,2017,7118,TAS,Regional
23,2017,7118,TAS,Regional
23,2017,7118,TAS,Regional
132,2017,7118,TAS,Regional
193,2017,7118,TAS,Regional
132,2017,7118,TAS,Regional
55,2017,7120,TAS,Regional
203,2017,7120,TAS,Regional
85,2017,7120,TAS,Regional
140,2017,7120,TAS,Regional
78,2017,7120,TAS,Regional
120,2017,7120,TAS,Regional
56,2017,7120,TAS,Regional
220,2017,2004,NSW,Capital
105,2017,2004,NSW,Capital
127,2017,2004,NSW,Capital
69,2017,2004,NSW,Capital
69,2017,2004,NSW,Capital
46,2017,4010,QLD,Capital
46,2017,4010,QLD,Capital
60,2017,4010,QLD,Capital
68,2017,4010,QLD,Capital
92,2017,4010,QLD,Capital
129,2017,4010,QLD,Capital
156,2017,4010,QLD,Capital
71,2017,3013,VIC,Capital
18,2017,3013,VIC,Capital
9,2017,3013,VIC,Capital
51,2017,3013,VIC,Capital
62,2017,3013,VIC,Capital
15,2017,3013,VIC,Capital
10,2017,3013,VIC,Capital
25,2017,3017,VIC,Regional
10,2017,3017,VIC,Regional
155,2017,3017,VIC,Regional
100,2017,3017,VIC,Regional
56,2017,3017,VIC,Regional
47,2017,3017,VIC,Regional
23,2017,3017,VIC,Regional
50,2017,2018,NSW,Regional
93,2017,2018,NSW,Regional
73,2017,2018,NSW,Regional
146,2017,2018,NSW,Regional
21,2017,2018,NSW,Regional
13,2017,2018,NSW,Regional
53,2017,2018,NSW,Regional
77,2017,2019,NSW,Capital
65,2017,2019,NSW,Capital
54,2017,2019,NSW,Capital
181,2017,2019,NSW,Capital
83,2017,2019,NSW,Capital
163,2017,824,NT,Regional
130,2017,824,NT,Regional
50,2017,824,NT,Regional
113,2017,824,NT,Regional
91,2017,824,NT,Regional
131,2017,824,NT,Regional
48,2017,824,NT,Regional
2,2017,5025,SA,Regional
41,2017,5025,SA,Regional
24,2017,5025,SA,Regional
157,2017,5025,SA,Regional
116,2017,5025,SA,Regional
102,2017,5025,SA,Regional
148,2017,5025,SA,Regional
55,2017,3027,VIC,Capital
6,2017,3027,VIC,Capital
70,2017,3027,VIC,Capital
109,2017,3027,VIC,Capital
62,2017,3027,VIC,Capital
46,2017,3027,VIC,Capital
95,2017,3027,VIC,Capital
112,2017,828,NT,Regional
111,2017,828,NT,Regional
38,2017,828,NT,Regional
63,2017,828,NT,Regional
1,2017,828,NT,Regional
16,2017,828,NT,Regional
23,2017,828,NT,Regional
56,2017,829,NT,Regional
21,2017,829,NT,Regional
114,2017,829,NT,Regional
92,2017,829,NT,Regional
53,2017,829,NT,Regional
29,2017,829,NT,Regional
32,2017,829,NT,Regional
108,2017,2041,NSW,Capital
152,2017,2041,NSW,Capital
65,2017,2041,NSW,Capital
161,2017,2041,NSW,Capital
73,2017,2041,NSW,Capital
31,2017,2048,NSW,Regional
16,2017,2048,NSW,Regional
116,2017,2048,NSW,Regional
88,2017,2048,NSW,Regional
97,2017,2048,NSW,Regional
37,2017,5068,SA,Regional
45,2017,5068,SA,Regional
57,2017,5068,SA,Regional
29,2017,5068,SA,Regional
18,2017,5068,SA,Regional
20,2017,5068,SA,Regional
45,2017,5068,SA,Regional
68,2017,3076,VIC,Regional
66,2017,3076,VIC,Regional
10,2017,3076,VIC,Regional
103,2017,3076,VIC,Regional
51,2017,3076,VIC,Regional
21,2017,3076,VIC,Regional
44,2017,3076,VIC,Regional
48,2017,4078,QLD,Regional
58,2017,4078,QLD,Regional
120,2017,4078,QLD,Regional
63,2017,4078,QLD,Regional
125,2017,4078,QLD,Regional
35,2017,4078,QLD,Regional
69,2017,4078,QLD,Regional
37,2017,892,NT,Regional
150,2017,892,NT,Regional
40,2017,892,NT,Regional
14,2017,892,NT,Regional
25,2017,892,NT,Regional
39,2017,892,NT,Regional
157,2017,6114,WA,Regional
28,2017,6114,WA,Regional
35,2017,6114,WA,Regional
56,2017,6114,WA,Regional
87,2017,6114,WA,Regional
110,2017,6114,WA,Regional
43,2017,6114,WA,Regional
129,2017,7120,TAS,Regional
23,2017,7120,TAS,Regional
15,2017,7120,TAS,Regional
69,2017,7120,TAS,Regional
52,2017,7120,TAS,Regional
21,2017,7120,TAS,Regional
107,2017,7120,TAS,Regional
25,2017,7129,TAS,Regional
127,2017,7129,TAS,Regional
42,2017,7129,TAS,Regional
114,2017,7129,TAS,Regional
29,2017,7129,TAS,Regional
53,2017,7129,TAS,Regional
72,2017,7129,TAS,Regional
109,2019,2004,NSW,Capital
101,2019,2004,NSW,Capital
87,2019,2004,NSW,Capital
154,2019,2004,NSW,Capital
105,2019,2004,NSW,Capital
70,2019,4010,QLD,Capital
67,2019,4010,QLD,Capital
4,2019,4010,QLD,Capital
156,2019,4010,QLD,Capital
117,2019,4010,QLD,Capital
14,2019,4010,QLD,Capital
28,2019,4010,QLD,Capital
72,2019,3013,VIC,Capital
56,2019,3013,VIC,Capital
79,2019,3013,VIC,Capital
53,2019,3013,VIC,Capital
81,2019,3013,VIC,Capital
5,2019,3013,VIC,Capital
49,2019,3013,VIC,Capital
29,2019,3017,VIC,Regional
33,2019,3017,VIC,Regional
13,2019,3017,VIC,Regional
99,2019,3017,VIC,Regional
17,2019,3017,VIC,Regional
109,2019,3017,VIC,Regional
104,2019,3017,VIC,Regional
17,2019,2018,NSW,Regional
15,2019,2018,NSW,Regional
90,2019,2018,NSW,Regional
20,2019,2018,NSW,Regional
158,2019,2018,NSW,Regional
12,2019,2019,NSW,Capital
14,2019,2019,NSW,Capital
1,2019,2019,NSW,Capital
70,2019,2019,NSW,Capital
199,2019,2019,NSW,Capital
13,2019,824,NT,Regional
30,2019,824,NT,Regional
100,2019,824,NT,Regional
14,2019,824,NT,Regional
53,2019,824,NT,Regional
13,2019,824,NT,Regional
134,2019,824,NT,Regional
45,2019,5025,SA,Regional
90,2019,5025,SA,Regional
32,2019,5025,SA,Regional
13,2019,5025,SA,Regional
27,2019,5025,SA,Regional
146,2019,5025,SA,Regional
52,2019,5025,SA,Regional
12,2019,3027,VIC,Capital
76,2019,3027,VIC,Capital
25,2019,3027,VIC,Capital
41,2019,3027,VIC,Capital
87,2019,3027,VIC,Capital
54,2019,3027,VIC,Capital
2,2019,3027,VIC,Capital
83,2019,828,NT,Regional
83,2019,828,NT,Regional
42,2019,828,NT,Regional
15,2019,828,NT,Regional
96,2019,828,NT,Regional
27,2019,828,NT,Regional
29,2019,828,NT,Regional
151,2019,2041,NSW,Capital
3,2019,2041,NSW,Capital
32,2019,2041,NSW,Capital
102,2019,2041,NSW,Capital
27,2019,2041,NSW,Capital
79,2019,842,NT,Regional
22,2019,842,NT,Regional
28,2019,842,NT,Regional
44,2019,842,NT,Regional
59,2019,842,NT,Regional
89,2019,842,NT,Regional
211,2019,842,NT,Regional
22,2019,2048,NSW,Regional
45,2019,2048,NSW,Regional
99,2019,2048,NSW,Regional
65,2019,2048,NSW,Regional
65,2019,2048,NSW,Regional
28,2019,5068,SA,Regional
55,2019,5068,SA,Regional
39,2019,5068,SA,Regional
52,2019,5068,SA,Regional
145,2019,5068,SA,Regional
155,2019,5068,SA,Regional
79,2019,5068,SA,Regional
2,2019,3076,VIC,Regional
33,2019,3076,VIC,Regional
101,2019,3076,VIC,Regional
134,2019,3076,VIC,Regional
10,2019,3076,VIC,Regional
72,2019,3076,VIC,Regional
9,2019,3076,VIC,Regional
47,2019,4078,QLD,Regional
172,2019,4078,QLD,Regional
27,2019,4078,QLD,Regional
61,2019,4078,QLD,Regional
3,2019,4078,QLD,Regional
9,2019,4078,QLD,Regional
96,2019,4078,QLD,Regional
38,2019,6114,WA,Regional
52,2019,6114,WA,Regional
10,2019,6114,WA,Regional
18,2019,6114,WA,Regional
38,2019,6114,WA,Regional
5,2019,6114,WA,Regional
33,2019,6114,WA,Regional
41,2019,7116,TAS,Regional
1,2019,7116,TAS,Regional
69,2019,7116,TAS,Regional
102,2019,7116,TAS,Regional
48,2019,7116,TAS,Regional
151,2019,7116,TAS,Regional
69,2019,7116,TAS,Regional
14,2019,7120,TAS,Regional
113,2019,7120,TAS,Regional
46,2019,7120,TAS,Regional
94,2019,7120,TAS,Regional
43,2019,7120,TAS,Regional
27,2019,7120,TAS,Regional
41,2019,7120,TAS,Regional
75,2019,6121,WA,Regional
141,2019,6121,WA,Regional
13,2019,6121,WA,Regional
48,2019,6121,WA,Regional
1,2019,6121,WA,Regional
66,2019,6121,WA,Regional
91,2019,6121,WA,Regional
57,2019,6122,WA,Regional
35,2019,6122,WA,Regional
59,2019,6122,WA,Regional
18,2019,6122,WA,Regional
72,2019,6122,WA,Regional
20,2019,6122,WA,Regional
27,2019,6122,WA,Regional
0,2019,6123,WA,Regional
84,2019,6123,WA,Regional
25,2019,6123,WA,Regional
57,2019,6123,WA,Regional
104,2019,6123,WA,Regional
158,2019,6123,WA,Regional
93,2019,6123,WA,Regional
32,2019,6124,WA,Regional
80,2019,6124,WA,Regional
37,2019,6124,WA,Regional
6,2019,6124,WA,Regional
15,2019,6124,WA,Regional
159,2019,6124,WA,Regional
77,2019,6124,WA,Regional
24,2019,6125,WA,Regional
19,2019,6125,WA,Regional
58,2019,6125,WA,Regional
104,2019,6125,WA,Regional
59,2019,6125,WA,Regional
9,2019,6125,WA,Regional
8,2019,6125,WA,Regional
30,2019,7129,TAS,Regional
47,2019,7129,TAS,Regional
8,2019,7129,TAS,Regional
63,2019,7129,TAS,Regional
118,2019,7129,TAS,Regional
116,2019,7129,TAS,Regional
32,2019,7129,TAS,Regional
3,2017,2004,NSW,Capital
5,2017,2004,NSW,Capital
9,2017,2004,NSW,Capital
33,2017,2004,NSW,Capital
6,2017,2004,NSW,Capital
168,2017,2004,NSW,Capital
27,2017,2004,NSW,Capital
77,2017,4010,QLD,Capital
53,2017,4010,QLD,Capital
170,2017,4010,QLD,Capital
17,2017,4010,QLD,Capital
24,2017,4010,QLD,Capital
25,2017,4010,QLD,Capital
66,2017,4010,QLD,Capital
146,2017,3013,VIC,Capital
31,2017,3013,VIC,Capital
64,2017,3013,VIC,Capital
68,2017,3013,VIC,Capital
40,2017,3013,VIC,Capital
39,2017,3017,VIC,Regional
64,2017,3017,VIC,Regional
30,2017,3017,VIC,Regional
22,2017,3017,VIC,Regional
51,2017,3017,VIC,Regional
56,2017,2018,NSW,Regional
112,2017,2018,NSW,Regional
47,2017,2018,NSW,Regional
57,2017,2018,NSW,Regional
5,2017,2018,NSW,Regional
8,2017,2018,NSW,Regional
24,2017,2018,NSW,Regional
13,2017,2019,NSW,Capital
7,2017,2019,NSW,Capital
123,2017,2019,NSW,Capital
88,2017,2019,NSW,Capital
13,2017,2019,NSW,Capital
119,2017,2019,NSW,Capital
12,2017,2019,NSW,Capital
57,2017,820,NT,Regional
103,2017,820,NT,Regional
153,2017,820,NT,Regional
6,2017,820,NT,Regional
57,2017,820,NT,Regional
129,2017,820,NT,Regional
33,2017,820,NT,Regional
18,2017,5021,SA,Capital
66,2017,5021,SA,Capital
6,2017,5021,SA,Capital
59,2017,5021,SA,Capital
21,2017,5021,SA,Capital
29,2017,5021,SA,Capital
75,2017,5021,SA,Capital
97,2017,824,NT,Regional
223,2017,824,NT,Regional
47,2017,824,NT,Regional
148,2017,824,NT,Regional
72,2017,824,NT,Regional
171,2017,824,NT,Regional
8,2017,824,NT,Regional
10,2017,5025,SA,Regional
108,2017,5025,SA,Regional
32,2017,5025,SA,Regional
21,2017,5025,SA,Regional
47,2017,5025,SA,Regional
37,2017,5025,SA,Regional
63,2017,5025,SA,Regional
159,2017,3027,VIC,Capital
40,2017,3027,VIC,Capital
46,2017,3027,VIC,Capital
4,2017,3027,VIC,Capital
47,2017,3027,VIC,Capital
2,2017,828,NT,Regional
25,2017,828,NT,Regional
19,2017,828,NT,Regional
31,2017,828,NT,Regional
0,2017,828,NT,Regional
81,2017,828,NT,Regional
12,2017,828,NT,Regional
23,2017,829,NT,Regional
3,2017,829,NT,Regional
2,2017,829,NT,Regional
51,2017,829,NT,Regional
62,2017,829,NT,Regional
68,2017,829,NT,Regional
62,2017,829,NT,Regional
82,2017,2038,NSW,Regional
6,2017,2038,NSW,Regional
55,2017,2038,NSW,Regional
44,2017,2038,NSW,Regional
94,2017,2038,NSW,Regional
2,2017,2038,NSW,Regional
98,2017,2038,NSW,Regional
5,2017,5040,SA,Regional
71,2017,5040,SA,Regional
20,2017,5040,SA,Regional
1,2017,5040,SA,Regional
64,2017,5040,SA,Regional
33,2017,5040,SA,Regional
186,2017,5040,SA,Regional
203,2017,2041,NSW,Capital
120,2017,2041,NSW,Capital
52,2017,2041,NSW,Capital
32,2017,2041,NSW,Capital
133,2017,2041,NSW,Capital
72,2017,2041,NSW,Capital
103,2017,2041,NSW,Capital
56,2017,2048,NSW,Regional
92,2017,2048,NSW,Regional
63,2017,2048,NSW,Regional
75,2017,2048,NSW,Regional
7,2017,2048,NSW,Regional
129,2017,2048,NSW,Regional
7,2017,2048,NSW,Regional
18,2017,5051,SA,Regional
25,2017,5051,SA,Regional
84,2017,5051,SA,Regional
120,2017,5051,SA,Regional
17,2017,5051,SA,Regional
3,2017,5051,SA,Regional
52,2017,5051,SA,Regional
75,2017,2058,NSW,Regional
83,2017,2058,NSW,Regional
3,2017,2058,NSW,Regional
67,2017,2058,NSW,Regional
4,2017,2058,NSW,Regional
85,2017,2058,NSW,Regional
5,2017,2058,NSW,Regional
23,2017,5068,SA,Regional
9,2017,3076,VIC,Regional
38,2017,3076,VIC,Regional
112,2017,3076,VIC,Regional
4,2017,3076,VIC,Regional
23,2017,3076,VIC,Regional
20,2017,4078,QLD,Regional
14,2017,4078,QLD,Regional
47,2017,4078,QLD,Regional
53,2017,4078,QLD,Regional
179,2017,4078,QLD,Regional
82,2017,4078,QLD,Regional
44,2017,4078,QLD,Regional
112,2017,2004,NSW,Capital
5,2017,2004,NSW,Capital
49,2017,2004,NSW,Capital
9,2017,2004,NSW,Capital
75,2017,2004,NSW,Capital
44,2017,4010,QLD,Capital
128,2017,4010,QLD,Capital
13,2017,4010,QLD,Capital
80,2017,4010,QLD,Capital
62,2017,4010,QLD,Capital
143,2017,4010,QLD,Capital
109,2017,4010,QLD,Capital
88,2017,3013,VIC,Capital
16,2017,3013,VIC,Capital
63,2017,3013,VIC,Capital
190,2017,3013,VIC,Capital
48,2017,3013,VIC,Capital
65,2017,3013,VIC,Capital
70,2017,3013,VIC,Capital
12,2017,3017,VIC,Regional
14,2017,3017,VIC,Regional
27,2017,3017,VIC,Regional
40,2017,3017,VIC,Regional
175,2017,2018,NSW,Regional
48,2017,2018,NSW,Regional
66,2017,2018,NSW,Regional
5,2017,2018,NSW,Regional
35,2017,2018,NSW,Regional
107,2017,2019,NSW,Capital
81,2017,2019,NSW,Capital
41,2017,2019,NSW,Capital
151,2017,2019,NSW,Capital
178,2017,2019,NSW,Capital
46,2017,5021,SA,Capital
22,2017,5021,SA,Capital
187,2017,5021,SA,Capital
2,2017,5021,SA,Capital
163,2017,5021,SA,Capital
29,2017,5021,SA,Capital
60,2017,5021,SA,Capital
172,2017,5025,SA,Regional
112,2017,5025,SA,Regional
109,2017,5025,SA,Regional
4,2017,5025,SA,Regional
28,2017,5025,SA,Regional
132,2017,5025,SA,Regional
21,2017,5025,SA,Regional
70,2017,3027,VIC,Capital
58,2017,3027,VIC,Capital
91,2017,3027,VIC,Capital
49,2017,3027,VIC,Capital
62,2017,3027,VIC,Capital
67,2017,3027,VIC,Capital
91,2017,3027,VIC,Capital
14,2017,828,NT,Regional
59,2017,828,NT,Regional
101,2017,828,NT,Regional
45,2017,828,NT,Regional
57,2017,828,NT,Regional
2,2017,828,NT,Regional
113,2017,828,NT,Regional
9,2017,829,NT,Regional
95,2017,829,NT,Regional
50,2017,829,NT,Regional
7,2017,829,NT,Regional
55,2017,829,NT,Regional
13,2017,829,NT,Regional
35,2017,829,NT,Regional
21,2017,5040,SA,Regional
52,2017,5040,SA,Regional
56,2017,5040,SA,Regional
40,2017,5040,SA,Regional
6,2017,5040,SA,Regional
101,2017,5040,SA,Regional
51,2017,5040,SA,Regional
42,2017,2041,NSW,Capital
56,2017,2041,NSW,Capital
135,2017,2041,NSW,Capital
43,2017,2041,NSW,Capital
8,2017,2048,NSW,Regional
40,2017,2048,NSW,Regional
54,2017,2048,NSW,Regional
82,2017,2048,NSW,Regional
95,2017,2048,NSW,Regional
34,2017,5051,SA,Regional
33,2017,5051,SA,Regional
60,2017,5051,SA,Regional
102,2017,5051,SA,Regional
58,2017,5051,SA,Regional
98,2017,5051,SA,Regional
83,2017,5051,SA,Regional
113,2017,2058,NSW,Regional
22,2017,2058,NSW,Regional
96,2017,2058,NSW,Regional
3,2017,2058,NSW,Regional
130,2017,2058,NSW,Regional
106,2017,5068,SA,Regional
66,2017,5068,SA,Regional
45,2017,5068,SA,Regional
46,2017,5068,SA,Regional
102,2017,5068,SA,Regional
29,2017,5068,SA,Regional
39,2017,5068,SA,Regional
66,2017,3076,VIC,Regional
9,2017,3076,VIC,Regional
30,2017,3076,VIC,Regional
45,2017,3076,VIC,Regional
28,2017,4078,QLD,Regional
16,2017,4078,QLD,Regional
67,2017,4078,QLD,Regional
142,2017,4078,QLD,Regional
49,2017,4078,QLD,Regional
56,2017,4078,QLD,Regional
59,2017,4078,QLD,Regional
2,2017,5081,SA,Regional
131,2017,5081,SA,Regional
4,2017,5081,SA,Regional
24,2017,5081,SA,Regional
26,2017,5081,SA,Regional
96,2017,5081,SA,Regional
67,2017,5081,SA,Regional
51,2017,6114,WA,Regional
16,2017,6114,WA,Regional
47,2017,6114,WA,Regional
55,2017,6114,WA,Regional
76,2017,6114,WA,Regional
72,2017,7118,TAS,Regional
3,2017,7118,TAS,Regional
6,2017,7118,TAS,Regional
40,2017,7118,TAS,Regional
54,2017,7118,TAS,Regional
18,2017,7118,TAS,Regional
47,2017,7118,TAS,Regional
130,2017,7120,TAS,Regional
96,2017,7120,TAS,Regional
101,2017,7120,TAS,Regional
85,2017,7120,TAS,Regional
27,2017,7120,TAS,Regional
176,2017,7120,TAS,Regional
31,2017,7120,TAS,Regional
44,2017,2004,NSW,Capital
82,2017,2004,NSW,Capital
90,2017,2004,NSW,Capital
87,2017,2004,NSW,Capital
90,2017,2004,NSW,Capital
39,2017,4010,QLD,Capital
26,2017,4010,QLD,Capital
35,2017,4010,QLD,Capital
26,2017,4010,QLD,Capital
40,2017,4010,QLD,Capital
158,2017,4010,QLD,Capital
196,2017,4010,QLD,Capital
63,2017,3013,VIC,Capital
4,2017,3013,VIC,Capital
9,2017,3013,VIC,Capital
59,2017,3013,VIC,Capital
120,2017,3013,VIC,Capital
29,2017,3013,VIC,Capital
58,2017,3013,VIC,Capital
77,2017,3017,VIC,Regional
71,2017,3017,VIC,Regional
96,2017,3017,VIC,Regional
14,2017,3017,VIC,Regional
75,2017,3017,VIC,Regional
73,2017,3017,VIC,Regional
45,2017,3017,VIC,Regional
67,2017,2018,NSW,Regional
122,2017,2018,NSW,Regional
117,2017,2018,NSW,Regional
59,2017,2018,NSW,Regional
89,2017,2018,NSW,Regional
93,2017,2019,NSW,Capital
74,2017,2019,NSW,Capital
60,2017,2019,NSW,Capital
43,2017,2019,NSW,Capital
146,2017,2019,NSW,Capital
30,2017,820,NT,Regional
11,2017,820,NT,Regional
101,2017,820,NT,Regional
44,2017,820,NT,Regional
12,2017,820,NT,Regional
195,2017,820,NT,Regional
206,2017,820,NT,Regional
175,2017,5021,SA,Capital
58,2017,5021,SA,Capital
46,2017,5021,SA,Capital
39,2017,5021,SA,Capital
106,2017,5021,SA,Capital
70,2017,5021,SA,Capital
72,2017,5021,SA,Capital
65,2017,824,NT,Regional
87,2017,824,NT,Regional
9,2017,824,NT,Regional
139,2017,824,NT,Regional
6,2017,824,NT,Regional
91,2017,824,NT,Regional
144,2017,824,NT,Regional
127,2017,5025,SA,Regional
42,2017,5025,SA,Regional
36,2017,5025,SA,Regional
13,2017,5025,SA,Regional
41,2017,5025,SA,Regional
56,2017,5025,SA,Regional
56,2017,5025,SA,Regional
67,2017,3027,VIC,Capital
42,2017,3027,VIC,Capital
61,2017,3027,VIC,Capital
60,2017,3027,VIC,Capital
109,2017,3027,VIC,Capital
28,2017,3027,VIC,Capital
5,2017,3027,VIC,Capital
173,2017,828,NT,Regional
13,2017,828,NT,Regional
65,2017,828,NT,Regional
32,2017,828,NT,Regional
25,2017,828,NT,Regional
47,2017,828,NT,Regional
46,2017,828,NT,Regional
46,2017,829,NT,Regional
148,2017,829,NT,Regional
114,2017,829,NT,Regional
33,2017,829,NT,Regional
72,2017,829,NT,Regional
22,2017,829,NT,Regional
78,2017,829,NT,Regional
7,2017,5040,SA,Regional
17,2017,5040,SA,Regional
90,2017,5040,SA,Regional
97,2017,5040,SA,Regional
49,2017,5040,SA,Regional
31,2017,5040,SA,Regional
55,2017,5040,SA,Regional
67,2017,2041,NSW,Capital
93,2017,2041,NSW,Capital
44,2017,2041,NSW,Capital
60,2017,2041,NSW,Capital
59,2017,2041,NSW,Capital
66,2017,2048,NSW,Regional
39,2017,2048,NSW,Regional
22,2017,2048,NSW,Regional
99,2017,2048,NSW,Regional
60,2017,2048,NSW,Regional
95,2017,5051,SA,Regional
129,2017,5051,SA,Regional
41,2017,5051,SA,Regional
4,2017,5051,SA,Regional
41,2017,5051,SA,Regional
56,2017,5051,SA,Regional
17,2017,5051,SA,Regional
56,2017,5068,SA,Regional
39,2017,5068,SA,Regional
70,2017,5068,SA,Regional
29,2017,5068,SA,Regional
157,2017,5068,SA,Regional
79,2017,5068,SA,Regional
18,2017,5068,SA,Regional
57,2017,3076,VIC,Regional
44,2017,3076,VIC,Regional
14,2017,3076,VIC,Regional
59,2017,3076,VIC,Regional
14,2017,3076,VIC,Regional
126,2017,3076,VIC,Regional
60,2017,3076,VIC,Regional
20,2017,4078,QLD,Regional
66,2017,4078,QLD,Regional
32,2017,4078,QLD,Regional
21,2017,4078,QLD,Regional
16,2017,4078,QLD,Regional
64,2017,4078,QLD,Regional
17,2017,4078,QLD,Regional
60,2017,5081,SA,Regional
20,2017,5081,SA,Regional
48,2017,5081,SA,Regional
55,2017,5081,SA,Regional
50,2017,5081,SA,Regional
32,2017,5081,SA,Regional
31,2017,5081,SA,Regional
22,2017,7120,TAS,Regional
132,2017,7120,TAS,Regional
36,2017,7120,TAS,Regional
68,2017,7120,TAS,Regional
107,2017,7120,TAS,Regional
159,2017,7120,TAS,Regional
47,2017,7120,TAS,Regional
42,2017,6121,WA,Regional
93,2017,6121,WA,Regional
51,2017,6121,WA,Regional
21,2017,6121,WA,Regional
22,2017,6121,WA,Regional
27,2017,6121,WA,Regional
22,2017,6121,WA,Regional
8,2017,6122,WA,Regional
30,2017,6122,WA,Regional
94,2017,6122,WA,Regional
5,2017,6122,WA,Regional
112,2017,6122,WA,Regional
5,2017,6122,WA,Regional
7,2017,6122,WA,Regional
7,2017,6123,WA,Regional
105,2017,6123,WA,Regional
86,2017,6123,WA,Regional
27,2017,6123,WA,Regional
123,2017,6123,WA,Regional
12,2017,6123,WA,Regional
41,2017,6123,WA,Regional
39,2017,6124,WA,Regional
122,2017,6124,WA,Regional
5,2017,6124,WA,Regional
92,2017,6124,WA,Regional
87,2017,6124,WA,Regional
76,2017,6124,WA,Regional
104,2017,6124,WA,Regional
47,2017,6125,WA,Regional
16,2017,6125,WA,Regional
74,2017,6125,WA,Regional
12,2017,6125,WA,Regional
38,2017,6125,WA,Regional
104,2017,6125,WA,Regional
56,2017,6125,WA,Regional
23,2017,7129,TAS,Regional
21,2017,7129,TAS,Regional
9,2017,7129,TAS,Regional
71,2017,7129,TAS,Regional
4,2017,7129,TAS,Regional
4,2017,7129,TAS,Regional
33,2017,7129,TAS,Regional
73,2017,3013,VIC,Capital
114,2017,3013,VIC,Capital
6,2017,3013,VIC,Capital
31,2017,3013,VIC,Capital
169,2017,3013,VIC,Capital
147,2017,3013,VIC,Capital
102,2017,3013,VIC,Capital
5,2017,3017,VIC,Regional
40,2017,3017,VIC,Regional
32,2017,3017,VIC,Regional
55,2017,3017,VIC,Regional
7,2017,824,NT,Regional
119,2017,824,NT,Regional
11,2017,824,NT,Regional
137,2017,824,NT,Regional
34,2017,824,NT,Regional
10,2017,824,NT,Regional
45,2017,824,NT,Regional
65,2017,3027,VIC,Capital
124,2017,3027,VIC,Capital
11,2017,3027,VIC,Capital
92,2017,3027,VIC,Capital
53,2017,3027,VIC,Capital
71,2017,3027,VIC,Capital
80,2017,3027,VIC,Capital
159,2017,828,NT,Regional
91,2017,828,NT,Regional
65,2017,828,NT,Regional
9,2017,828,NT,Regional
36,2017,828,NT,Regional
60,2017,828,NT,Regional
21,2017,828,NT,Regional
66,2017,829,NT,Regional
37,2017,829,NT,Regional
37,2017,829,NT,Regional
33,2017,829,NT,Regional
114,2017,829,NT,Regional
78,2017,829,NT,Regional
120,2017,829,NT,Regional
31,2017,5068,SA,Regional
33,2017,5068,SA,Regional
39,2017,5068,SA,Regional
152,2017,5068,SA,Regional
43,2017,3076,VIC,Regional
24,2017,3076,VIC,Regional
16,2017,3076,VIC,Regional
69,2017,3076,VIC,Regional
150,2017,7118,TAS,Regional
100,2017,7118,TAS,Regional
72,2017,7118,TAS,Regional
72,2017,7118,TAS,Regional
2,2017,7118,TAS,Regional
0,2017,7118,TAS,Regional
1,2017,7118,TAS,Regional
143,2017,7120,TAS,Regional
89,2017,7120,TAS,Regional
87,2017,7120,TAS,Regional
11,2017,7120,TAS,Regional
1,2017,7120,TAS,Regional
20,2017,7120,TAS,Regional
123,2017,7120,TAS,Regional
111,2017,2004,NSW,Capital
107,2017,2004,NSW,Capital
53,2017,2004,NSW,Capital
23,2017,2004,NSW,Capital
146,2017,2004,NSW,Capital
59,2017,4010,QLD,Capital
141,2017,4010,QLD,Capital
17,2017,4010,QLD,Capital
137,2017,4010,QLD,Capital
72,2017,4010,QLD,Capital
42,2017,4010,QLD,Capital
57,2017,4010,QLD,Capital
26,2017,3013,VIC,Capital
27,2017,3013,VIC,Capital
103,2017,3013,VIC,Capital
119,2017,3013,VIC,Capital
77,2017,3013,VIC,Capital
36,2017,3013,VIC,Capital
12,2017,3013,VIC,Capital
45,2017,3017,VIC,Regional
66,2017,3017,VIC,Regional
56,2017,3017,VIC,Regional
87,2017,3017,VIC,Regional
100,2017,2018,NSW,Regional
47,2017,2018,NSW,Regional
46,2017,2018,NSW,Regional
67,2017,2018,NSW,Regional
120,2017,2018,NSW,Regional
13,2017,2018,NSW,Regional
51,2017,2018,NSW,Regional
4,2017,2019,NSW,Capital
66,2017,2019,NSW,Capital
19,2017,2019,NSW,Capital
18,2017,2019,NSW,Capital
94,2017,2019,NSW,Capital
48,2017,5025,SA,Regional
71,2017,5025,SA,Regional
34,2017,5025,SA,Regional
33,2017,5025,SA,Regional
129,2017,5025,SA,Regional
159,2017,5025,SA,Regional
24,2017,5025,SA,Regional
52,2017,3027,VIC,Capital
13,2017,3027,VIC,Capital
78,2017,3027,VIC,Capital
22,2017,3027,VIC,Capital
137,2017,3027,VIC,Capital
11,2017,3027,VIC,Capital
119,2017,3027,VIC,Capital
34,2017,829,NT,Regional
122,2017,829,NT,Regional
14,2017,829,NT,Regional
102,2017,829,NT,Regional
110,2017,829,NT,Regional
75,2017,829,NT,Regional
61,2017,829,NT,Regional
79,2017,2041,NSW,Capital
183,2017,2041,NSW,Capital
77,2017,2041,NSW,Capital
99,2017,2041,NSW,Capital
3,2017,2041,NSW,Capital
134,2017,2048,NSW,Regional
39,2017,2048,NSW,Regional
71,2017,2048,NSW,Regional
32,2017,2048,NSW,Regional
42,2017,2048,NSW,Regional
22,2017,5068,SA,Regional
4,2017,5068,SA,Regional
147,2017,5068,SA,Regional
30,2017,5068,SA,Regional
117,2017,5068,SA,Regional
45,2017,5068,SA,Regional
18,2017,5068,SA,Regional
67,2017,3076,VIC,Regional
49,2017,3076,VIC,Regional
61,2017,3076,VIC,Regional
20,2017,3076,VIC,Regional
152,2017,5081,SA,Regional
72,2017,5081,SA,Regional
51,2017,5081,SA,Regional
8,2017,5081,SA,Regional
100,2017,5081,SA,Regional
18,2017,5081,SA,Regional
43,2017,5081,SA,Regional
2,2017,6114,WA,Regional
37,2017,6114,WA,Regional
32,2017,6114,WA,Regional
23,2017,6114,WA,Regional
5,2017,6114,WA,Regional
10,2017,6114,WA,Regional
84,2017,6114,WA,Regional
88,2017,7120,TAS,Regional
92,2017,7120,TAS,Regional
3,2017,7120,TAS,Regional
41,2017,7120,TAS,Regional
7,2017,7120,TAS,Regional
13,2017,7120,TAS,Regional
43,2017,7120,TAS,Regional
43,2017,7129,TAS,Regional
117,2017,7129,TAS,Regional
32,2017,7129,TAS,Regional
60,2017,7129,TAS,Regional
48,2017,7129,TAS,Regional
5,2017,7129,TAS,Regional
81,2017,7129,TAS,Regional
59,2019,2004,NSW,Capital
21,2019,2004,NSW,Capital
59,2019,2004,NSW,Capital
28,2019,2004,NSW,Capital
172,2019,2004,NSW,Capital
5,2019,4010,QLD,Capital
5,2019,4010,QLD,Capital
93,2019,4010,QLD,Capital
54,2019,4010,QLD,Capital
4,2019,4010,QLD,Capital
135,2019,4010,QLD,Capital
104,2019,4010,QLD,Capital
93,2019,3013,VIC,Capital
32,2019,3013,VIC,Capital
84,2019,3013,VIC,Capital
38,2019,3013,VIC,Capital
50,2019,3013,VIC,Capital
86,2019,3013,VIC,Capital
129,2019,3013,VIC,Capital
6,2019,3017,VIC,Regional
108,2019,3017,VIC,Regional
58,2019,3017,VIC,Regional
6,2019,3017,VIC,Regional
49,2019,3017,VIC,Regional
103,2019,3017,VIC,Regional
50,2019,2018,NSW,Regional
9,2019,2018,NSW,Regional
2,2019,2018,NSW,Regional
73,2019,2018,NSW,Regional
18,2019,2018,NSW,Regional
17,2019,2019,NSW,Capital
76,2019,2019,NSW,Capital
28,2019,2019,NSW,Capital
60,2019,2019,NSW,Capital
27,2019,2019,NSW,Capital
37,2019,5025,SA,Regional
159,2019,5025,SA,Regional
30,2019,5025,SA,Regional
114,2019,5025,SA,Regional
0,2019,5025,SA,Regional
55,2019,5025,SA,Regional
110,2019,5025,SA,Regional
10,2019,3027,VIC,Capital
41,2019,3027,VIC,Capital
13,2019,3027,VIC,Capital
14,2019,3027,VIC,Capital
21,2019,3027,VIC,Capital
47,2019,3027,VIC,Capital
23,2019,3027,VIC,Capital
33,2019,828,NT,Regional
28,2019,828,NT,Regional
67,2019,828,NT,Regional
61,2019,828,NT,Regional
63,2019,828,NT,Regional
41,2019,828,NT,Regional
14,2019,828,NT,Regional
75,2019,2041,NSW,Capital
84,2019,2041,NSW,Capital
78,2019,2041,NSW,Capital
16,2019,2041,NSW,Capital
6,2019,2041,NSW,Capital
33,2019,2048,NSW,Regional
16,2019,2048,NSW,Regional
19,2019,2048,NSW,Regional
5,2019,2048,NSW,Regional
65,2019,2048,NSW,Regional
75,2019,5068,SA,Regional
74,2019,5068,SA,Regional
104,2019,5068,SA,Regional
13,2019,5068,SA,Regional
69,2019,5068,SA,Regional
18,2019,5068,SA,Regional
127,2019,5068,SA,Regional
23,2019,3076,VIC,Regional
138,2019,3076,VIC,Regional
26,2019,3076,VIC,Regional
33,2019,3076,VIC,Regional
34,2019,3076,VIC,Regional
58,2019,3076,VIC,Regional
12,2019,4078,QLD,Regional
44,2019,4078,QLD,Regional
5,2019,4078,QLD,Regional
6,2019,4078,QLD,Regional
72,2019,4078,QLD,Regional
53,2019,4078,QLD,Regional
1,2019,4078,QLD,Regional
13,2019,5081,SA,Regional
34,2019,5081,SA,Regional
31,2019,5081,SA,Regional
117,2019,5081,SA,Regional
25,2019,5081,SA,Regional
45,2019,5081,SA,Regional
120,2019,5081,SA,Regional
3,2019,6114,WA,Regional
54,2019,6114,WA,Regional
103,2019,6114,WA,Regional
21,2019,6114,WA,Regional
71,2019,6114,WA,Regional
19,2019,6114,WA,Regional
23,2019,6114,WA,Regional
44,2019,7120,TAS,Regional
10,2019,7120,TAS,Regional
2,2019,7120,TAS,Regional
37,2019,7120,TAS,Regional
27,2019,7120,TAS,Regional
92,2019,7120,TAS,Regional
42,2019,7120,TAS,Regional
8,2019,6121,WA,Regional
19,2019,6121,WA,Regional
23,2019,6121,WA,Regional
133,2019,6121,WA,Regional
38,2019,6121,WA,Regional
0,2019,6121,WA,Regional
29,2019,6121,WA,Regional
64,2019,6122,WA,Regional
56,2019,6122,WA,Regional
23,2019,6122,WA,Regional
93,2019,6122,WA,Regional
44,2019,6122,WA,Regional
112,2019,6122,WA,Regional
63,2019,6122,WA,Regional
5,2019,6123,WA,Regional
39,2019,6123,WA,Regional
29,2019,6123,WA,Regional
101,2019,6123,WA,Regional
6,2019,6123,WA,Regional
96,2019,6123,WA,Regional
87,2019,6123,WA,Regional
44,2019,6124,WA,Regional
51,2019,6124,WA,Regional
24,2019,6124,WA,Regional
27,2019,6124,WA,Regional
3,2019,6124,WA,Regional
40,2019,6124,WA,Regional
24,2019,6124,WA,Regional
46,2019,6125,WA,Regional
62,2019,6125,WA,Regional
1,2019,6125,WA,Regional
102,2019,6125,WA,Regional
3,2019,6125,WA,Regional
83,2019,6125,WA,Regional
16,2019,6125,WA,Regional
83,2019,7129,TAS,Regional
15,2019,7129,TAS,Regional
61,2019,7129,TAS,Regional
63,2019,7129,TAS,Regional
78,2019,7129,TAS,Regional
8,2019,7129,TAS,Regional
10,2019,7129,TAS,Regional
133,2017,3013,VIC,Capital
27,2017,3013,VIC,Capital
83,2017,3013,VIC,Capital
6,2017,3013,VIC,Capital
86,2017,3013,VIC,Capital
75,2017,3013,VIC,Capital
90,2017,3013,VIC,Capital
68,2017,3027,VIC,Capital
103,2017,3027,VIC,Capital
41,2017,3027,VIC,Capital
102,2017,3027,VIC,Capital
41,2017,3027,VIC,Capital
84,2017,3027,VIC,Capital
40,2017,3027,VIC,Capital
34,2017,2004,NSW,Capital
65,2017,2004,NSW,Capital
225,2017,2004,NSW,Capital
108,2017,2004,NSW,Capital
57,2017,2004,NSW,Capital
11,2017,3013,VIC,Capital
98,2017,3013,VIC,Capital
15,2017,3013,VIC,Capital
64,2017,3013,VIC,Capital
14,2017,3013,VIC,Capital
128,2017,3013,VIC,Capital
109,2017,3013,VIC,Capital
2,2017,2019,NSW,Capital
38,2017,2019,NSW,Capital
137,2017,2019,NSW,Capital
135,2017,2019,NSW,Capital
156,2017,2019,NSW,Capital
82,2017,3027,VIC,Capital
75,2017,3027,VIC,Capital
159,2017,3027,VIC,Capital
160,2017,3027,VIC,Capital
84,2017,3027,VIC,Capital
107,2017,3027,VIC,Capital
34,2017,3027,VIC,Capital
175,2017,2041,NSW,Capital
80,2017,2041,NSW,Capital
78,2017,2041,NSW,Capital
85,2017,2041,NSW,Capital
108,2017,2041,NSW,Capital
43,2019,2004,NSW,Capital
75,2019,2004,NSW,Capital
105,2019,2004,NSW,Capital
26,2019,2004,NSW,Capital
182,2019,2004,NSW,Capital
3,2019,4010,QLD,Capital
5,2019,4010,QLD,Capital
41,2019,4010,QLD,Capital
9,2019,4010,QLD,Capital
89,2019,4010,QLD,Capital
3,2019,4010,QLD,Capital
8,2019,4010,QLD,Capital
50,2019,3013,VIC,Capital
37,2019,3013,VIC,Capital
54,2019,3013,VIC,Capital
100,2019,3013,VIC,Capital
108,2019,3013,VIC,Capital
41,2019,3013,VIC,Capital
8,2019,3013,VIC,Capital
6,2019,2019,NSW,Capital
59,2019,2019,NSW,Capital
97,2019,2019,NSW,Capital
43,2019,2019,NSW,Capital
91,2019,2019,NSW,Capital
4,2019,3027,VIC,Capital
20,2019,3027,VIC,Capital
8,2019,3027,VIC,Capital
20,2019,3027,VIC,Capital
80,2019,3027,VIC,Capital
37,2019,3027,VIC,Capital
75,2019,3027,VIC,Capital
120,2019,2041,NSW,Capital
145,2019,2041,NSW,Capital
67,2019,2041,NSW,Capital
92,2019,2041,NSW,Capital
9,2019,2041,NSW,Capital
95,2017,3013,VIC,Capital
18,2017,3013,VIC,Capital
7,2017,3013,VIC,Capital
12,2017,3013,VIC,Capital
122,2017,3013,VIC,Capital
121,2017,3013,VIC,Capital
18,2017,3013,VIC,Capital
29,2017,3027,VIC,Capital
96,2017,3027,VIC,Capital
77,2017,3027,VIC,Capital
113,2017,3027,VIC,Capital
87,2017,3027,VIC,Capital
90,2017,3027,VIC,Capital
50,2017,3027,VIC,Capital
23,2017,2004,NSW,Capital
70,2017,2004,NSW,Capital
3,2017,2004,NSW,Capital
83,2017,2004,NSW,Capital
66,2017,2004,NSW,Capital
17,2017,4010,QLD,Capital
54,2017,4010,QLD,Capital
70,2017,4010,QLD,Capital
75,2017,4010,QLD,Capital
136,2017,4010,QLD,Capital
110,2017,4010,QLD,Capital
55,2017,4010,QLD,Capital
62,2017,3013,VIC,Capital
47,2017,3013,VIC,Capital
108,2017,3013,VIC,Capital
9,2017,3013,VIC,Capital
111,2017,3013,VIC,Capital
17,2017,3013,VIC,Capital
20,2017,3013,VIC,Capital
15,2017,2019,NSW,Capital
53,2017,2019,NSW,Capital
31,2017,2019,NSW,Capital
137,2017,2019,NSW,Capital
46,2017,2019,NSW,Capital
140,2017,3027,VIC,Capital
37,2017,3027,VIC,Capital
14,2017,3027,VIC,Capital
4,2017,3027,VIC,Capital
19,2017,3027,VIC,Capital
125,2017,3027,VIC,Capital
79,2017,3027,VIC,Capital
104,2017,2041,NSW,Capital
103,2017,2041,NSW,Capital
48,2017,2041,NSW,Capital
121,2017,2041,NSW,Capital
99,2017,2041,NSW,Capital
24,2017,3013,VIC,Capital
30,2017,3013,VIC,Capital
66,2017,3013,VIC,Capital
19,2017,3013,VIC,Capital
39,2017,3013,VIC,Capital
23,2017,3013,VIC,Capital
56,2017,3013,VIC,Capital
39,2017,3027,VIC,Capital
4,2017,3027,VIC,Capital
85,2017,3027,VIC,Capital
83,2017,3027,VIC,Capital
105,2017,3027,VIC,Capital
79,2017,3027,VIC,Capital
42,2017,3027,VIC,Capital
163,2017,2004,NSW,Capital
146,2017,2004,NSW,Capital
82,2017,2004,NSW,Capital
174,2017,2004,NSW,Capital
100,2017,2004,NSW,Capital
21,2017,3013,VIC,Capital
21,2017,3013,VIC,Capital
17,2017,3013,VIC,Capital
125,2017,3013,VIC,Capital
80,2017,3013,VIC,Capital
43,2017,3013,VIC,Capital
141,2017,3013,VIC,Capital
109,2017,2019,NSW,Capital
16,2017,2019,NSW,Capital
4,2017,2019,NSW,Capital
33,2017,2019,NSW,Capital
22,2017,2019,NSW,Capital
75,2017,3027,VIC,Capital
32,2017,3027,VIC,Capital
12,2017,3027,VIC,Capital
90,2017,3027,VIC,Capital
117,2017,3027,VIC,Capital
74,2017,3027,VIC,Capital
7,2017,3027,VIC,Capital
58,2017,2041,NSW,Capital
59,2017,2041,NSW,Capital
81,2017,2041,NSW,Capital
96,2017,2041,NSW,Capital
9,2017,2041,NSW,Capital
129,2019,2004,NSW,Capital
78,2019,2004,NSW,Capital
74,2019,2004,NSW,Capital
90,2019,2004,NSW,Capital
142,2019,2004,NSW,Capital
8,2019,4010,QLD,Capital
24,2019,4010,QLD,Capital
1,2019,4010,QLD,Capital
2,2019,4010,QLD,Capital
4,2019,4010,QLD,Capital
77,2019,4010,QLD,Capital
1,2019,3013,VIC,Capital
2,2019,3013,VIC,Capital
22,2019,3013,VIC,Capital
3,2019,3013,VIC,Capital
173,2019,3013,VIC,Capital
55,2019,3013,VIC,Capital
88,2019,3013,VIC,Capital
12,2019,2019,NSW,Capital
49,2019,2019,NSW,Capital
21,2019,2019,NSW,Capital
105,2019,2019,NSW,Capital
6,2019,2019,NSW,Capital
22,2019,3027,VIC,Capital
73,2019,3027,VIC,Capital
25,2019,3027,VIC,Capital
109,2019,3027,VIC,Capital
76,2019,3027,VIC,Capital
12,2019,3027,VIC,Capital
11,2019,3027,VIC,Capital
161,2019,2041,NSW,Capital
40,2019,2041,NSW,Capital
36,2019,2041,NSW,Capital
61,2019,2041,NSW,Capital
22,2019,2041,NSW,Capital
230,2019,2004,NSW,Capital
105,2019,2004,NSW,Capital
124,2019,2004,NSW,Capital
72,2019,2004,NSW,Capital
135,2019,2004,NSW,Capital
8,2019,4010,QLD,Capital
2,2019,4010,QLD,Capital
140,2019,4010,QLD,Capital
5,2019,4010,QLD,Capital
1,2019,4010,QLD,Capital
89,2019,4010,QLD,Capital
113,2019,4010,QLD,Capital
111,2019,2019,NSW,Capital
19,2019,2019,NSW,Capital
73,2019,2019,NSW,Capital
104,2019,2019,NSW,Capital
78,2019,2019,NSW,Capital
207,2019,2041,NSW,Capital
118,2019,2041,NSW,Capital
25,2019,2041,NSW,Capital
49,2019,2041,NSW,Capital
90,2019,2041,NSW,Capital
104,2019,4010,QLD,Capital
101,2019,4010,QLD,Capital
6,2019,4010,QLD,Capital
65,2019,4010,QLD,Capital
75,2019,4010,QLD,Capital
133,2019,4010,QLD,Capital
49,2019,4010,QLD,Capital
151,2019,5025,SA,Regional
56,2019,5025,SA,Regional
16,2019,5025,SA,Regional
27,2019,5025,SA,Regional
43,2019,5025,SA,Regional
121,2019,5025,SA,Regional
48,2019,5025,SA,Regional
25,2019,5068,SA,Regional
18,2019,5068,SA,Regional
13,2019,5068,SA,Regional
19,2019,5068,SA,Regional
15,2019,5068,SA,Regional
82,2019,5068,SA,Regional
79,2019,5068,SA,Regional
8,2019,4078,QLD,Regional
151,2019,4078,QLD,Regional
2,2019,4078,QLD,Regional
3,2019,4078,QLD,Regional
22,2019,4078,QLD,Regional
142,2019,4078,QLD,Regional
48,2019,4078,QLD,Regional
13,2019,5081,SA,Regional
104,2019,5081,SA,Regional
43,2019,5081,SA,Regional
67,2019,5081,SA,Regional
14,2019,5081,SA,Regional
5,2019,5081,SA,Regional
57,2019,5081,SA,Regional
20,2019,2019,NSW,Capital
101,2019,2019,NSW,Capital
7,2019,2019,NSW,Capital
37,2019,2019,NSW,Capital
17,2019,2019,NSW,Capital
63,2019,824,NT,Regional
65,2019,824,NT,Regional
149,2019,824,NT,Regional
6,2019,824,NT,Regional
16,2019,824,NT,Regional
79,2019,824,NT,Regional
43,2019,824,NT,Regional
57,2019,828,NT,Regional
8,2019,828,NT,Regional
7,2019,828,NT,Regional
98,2019,828,NT,Regional
28,2019,828,NT,Regional
31,2019,828,NT,Regional
68,2019,828,NT,Regional
74,2019,5040,SA,Regional
46,2019,5040,SA,Regional
63,2019,5040,SA,Regional
56,2019,5040,SA,Regional
5,2019,5040,SA,Regional
46,2019,5040,SA,Regional
24,2019,5040,SA,Regional
70,2019,2041,NSW,Capital
111,2019,2041,NSW,Capital
113,2019,2041,NSW,Capital
105,2019,2041,NSW,Capital
42,2019,2041,NSW,Capital
9,2019,842,NT,Regional
29,2019,842,NT,Regional
106,2019,842,NT,Regional
0,2019,842,NT,Regional
46,2019,842,NT,Regional
28,2019,2018,NSW,Regional
143,2019,2018,NSW,Regional
113,2019,2018,NSW,Regional
67,2019,2018,NSW,Regional
52,2019,2018,NSW,Regional
51,2019,5021,SA,Capital
52,2019,5021,SA,Capital
86,2019,5021,SA,Capital
10,2019,5021,SA,Capital
12,2019,5021,SA,Capital
55,2019,5021,SA,Capital
52,2019,5021,SA,Capital
1,2019,5051,SA,Regional
21,2019,5051,SA,Regional
115,2019,5051,SA,Regional
5,2019,5051,SA,Regional
36,2019,5051,SA,Regional
2,2019,5051,SA,Regional
45,2019,5051,SA,Regional
13,2019,6122,WA,Regional
14,2019,6122,WA,Regional
8,2019,6122,WA,Regional
81,2019,6122,WA,Regional
23,2019,6122,WA,Regional
8,2019,6122,WA,Regional
58,2019,6122,WA,Regional
57,2019,6124,WA,Regional
60,2019,6124,WA,Regional
58,2019,6124,WA,Regional
10,2019,6124,WA,Regional
112,2019,6124,WA,Regional
76,2019,6124,WA,Regional
194,2019,6124,WA,Regional
51,2019,2004,NSW,Capital
56,2019,2004,NSW,Capital
34,2019,2004,NSW,Capital
54,2019,2004,NSW,Capital
93,2019,2004,NSW,Capital
133,2019,2048,NSW,Regional
77,2019,2048,NSW,Regional
64,2019,2048,NSW,Regional
2,2019,2048,NSW,Regional
46,2019,2048,NSW,Regional
32,2019,6114,WA,Regional
21,2019,6114,WA,Regional
6,2019,6114,WA,Regional
13,2019,6114,WA,Regional
74,2019,6114,WA,Regional
30,2019,6114,WA,Regional
62,2019,6114,WA,Regional
21,2019,6121,WA,Regional
76,2019,6121,WA,Regional
26,2019,6121,WA,Regional
201,2019,6121,WA,Regional
34,2019,6121,WA,Regional
64,2019,6121,WA,Regional
79,2019,6121,WA,Regional
25,2019,6123,WA,Regional
7,2019,6123,WA,Regional
90,2019,6123,WA,Regional
6,2019,6123,WA,Regional
89,2019,6123,WA,Regional
65,2019,6123,WA,Regional
35,2019,6123,WA,Regional
25,2019,6125,WA,Regional
25,2019,6125,WA,Regional
33,2019,6125,WA,Regional
95,2019,6125,WA,Regional
27,2019,6125,WA,Regional
162,2019,6125,WA,Regional
145,2019,6125,WA,Regional
47,2019,3076,VIC,Regional
75,2019,3076,VIC,Regional
62,2019,3076,VIC,Regional
68,2019,3076,VIC,Regional
3,2019,3076,VIC,Regional
40,2019,3076,VIC,Regional
86,2019,3076,VIC,Regional
8,2019,3013,VIC,Capital
102,2019,3013,VIC,Capital
50,2019,3013,VIC,Capital
6,2019,3013,VIC,Capital
32,2019,3013,VIC,Capital
23,2019,3013,VIC,Capital
6,2019,3013,VIC,Capital
41,2019,3013,VIC,Capital
28,2019,3013,VIC,Capital
44,2019,3013,VIC,Capital
87,2019,3013,VIC,Capital
158,2019,3013,VIC,Capital
48,2019,3013,VIC,Capital
46,2019,3013,VIC,Capital
7,2019,3017,VIC,Regional
21,2019,3017,VIC,Regional
98,2019,3017,VIC,Regional
66,2019,3017,VIC,Regional
34,2019,3017,VIC,Regional
98,2019,3017,VIC,Regional
42,2019,3017,VIC,Regional
59,2019,3027,VIC,Capital
123,2019,3027,VIC,Capital
32,2019,3027,VIC,Capital
103,2019,3027,VIC,Capital
72,2019,3027,VIC,Capital
23,2019,3027,VIC,Capital
116,2019,3027,VIC,Capital
37,2019,3027,VIC,Capital
2,2019,3027,VIC,Capital
11,2019,3027,VIC,Capital
137,2019,3027,VIC,Capital
139,2019,3027,VIC,Capital
66,2019,3027,VIC,Capital
5,2019,3027,VIC,Capital
64,2019,7116,TAS,Regional
56,2019,7116,TAS,Regional
31,2019,7116,TAS,Regional
41,2019,7116,TAS,Regional
138,2019,7116,TAS,Regional
13,2019,7116,TAS,Regional
23,2019,7116,TAS,Regional
50,2019,7120,TAS,Regional
42,2019,7120,TAS,Regional
3,2019,7120,TAS,Regional
89,2019,7120,TAS,Regional
60,2019,7120,TAS,Regional
16,2019,7120,TAS,Regional
85,2019,7120,TAS,Regional
20,2019,7129,TAS,Regional
9,2019,7129,TAS,Regional
25,2019,7129,TAS,Regional
31,2019,7129,TAS,Regional
9,2019,7129,TAS,Regional
18,2019,7129,TAS,Regional
78,2019,7129,TAS,Regional
26,2019,4010,QLD,Capital
6,2019,4010,QLD,Capital
4,2019,4010,QLD,Capital
26,2019,4010,QLD,Capital
67,2019,4010,QLD,Capital
41,2019,4010,QLD,Capital
101,2019,4010,QLD,Capital
140,2019,2004,NSW,Capital
77,2019,2004,NSW,Capital
62,2019,2004,NSW,Capital
131,2019,2004,NSW,Capital
10,2019,2004,NSW,Capital
8,2019,2019,NSW,Capital
170,2019,2019,NSW,Capital
12,2019,2019,NSW,Capital
42,2019,2019,NSW,Capital
27,2019,2019,NSW,Capital
109,2019,2041,NSW,Capital
65,2019,2041,NSW,Capital
53,2019,2041,NSW,Capital
22,2019,2041,NSW,Capital
113,2019,2041,NSW,Capital
22,2019,6114,WA,Regional
76,2019,6114,WA,Regional
41,2019,6114,WA,Regional
45,2019,6114,WA,Regional
48,2019,6114,WA,Regional
74,2019,6114,WA,Regional
88,2019,6114,WA,Regional
77,2019,824,NT,Regional
2,2019,824,NT,Regional
79,2019,824,NT,Regional
36,2019,824,NT,Regional
59,2019,824,NT,Regional
81,2019,824,NT,Regional
14,2019,824,NT,Regional
94,2019,5025,SA,Regional
34,2019,5025,SA,Regional
126,2019,5025,SA,Regional
85,2019,5025,SA,Regional
16,2019,5025,SA,Regional
9,2019,5025,SA,Regional
43,2019,5025,SA,Regional
57,2019,828,NT,Regional
96,2019,828,NT,Regional
66,2019,828,NT,Regional
5,2019,828,NT,Regional
27,2019,828,NT,Regional
42,2019,828,NT,Regional
165,2019,828,NT,Regional
6,2019,4078,QLD,Regional
172,2019,4078,QLD,Regional
48,2019,4078,QLD,Regional
53,2019,4078,QLD,Regional
110,2019,4078,QLD,Regional
6,2019,4078,QLD,Regional
15,2019,4078,QLD,Regional
58,2019,2004,NSW,Capital
7,2019,2004,NSW,Capital
131,2019,2004,NSW,Capital
108,2019,2004,NSW,Capital
212,2019,2004,NSW,Capital
195,2019,2018,NSW,Regional
65,2019,2018,NSW,Regional
42,2019,2018,NSW,Regional
47,2019,2018,NSW,Regional
65,2019,2018,NSW,Regional
68,2019,2019,NSW,Capital
95,2019,2019,NSW,Capital
20,2019,2019,NSW,Capital
28,2019,2019,NSW,Capital
8,2019,2019,NSW,Capital
96,2019,5081,SA,Regional
130,2019,5081,SA,Regional
9,2019,5081,SA,Regional
2,2019,5081,SA,Regional
100,2019,5081,SA,Regional
2,2019,5081,SA,Regional
134,2019,5081,SA,Regional
17,2019,842,NT,Regional
123,2019,842,NT,Regional
61,2019,842,NT,Regional
57,2019,842,NT,Regional
85,2019,842,NT,Regional
124,2019,842,NT,Regional
109,2019,842,NT,Regional
19,2019,2041,NSW,Capital
32,2019,2041,NSW,Capital
101,2019,2041,NSW,Capital
71,2019,2041,NSW,Capital
47,2019,2041,NSW,Capital
34,2019,5068,SA,Regional
90,2019,5068,SA,Regional
149,2019,5068,SA,Regional
70,2019,5068,SA,Regional
54,2019,5068,SA,Regional
29,2019,5068,SA,Regional
5,2019,5068,SA,Regional
112,2019,6125,WA,Regional
41,2019,6125,WA,Regional
2,2019,6125,WA,Regional
11,2019,6125,WA,Regional
199,2019,6125,WA,Regional
21,2019,6125,WA,Regional
213,2019,6125,WA,Regional
132,2019,6124,WA,Regional
6,2019,6124,WA,Regional
11,2019,6124,WA,Regional
18,2019,6124,WA,Regional
30,2019,6124,WA,Regional
112,2019,6124,WA,Regional
89,2019,6124,WA,Regional
246,2019,6123,WA,Regional
33,2019,6123,WA,Regional
83,2019,6123,WA,Regional
61,2019,6123,WA,Regional
5,2019,6123,WA,Regional
36,2019,6123,WA,Regional
12,2019,6123,WA,Regional
10,2019,6122,WA,Regional
28,2019,6122,WA,Regional
19,2019,6122,WA,Regional
52,2019,6122,WA,Regional
52,2019,6122,WA,Regional
29,2019,6122,WA,Regional
50,2019,6122,WA,Regional
92,2019,6121,WA,Regional
119,2019,6121,WA,Regional
24,2019,6121,WA,Regional
47,2019,6121,WA,Regional
44,2019,6121,WA,Regional
72,2019,6121,WA,Regional
57,2019,6121,WA,Regional
43,2019,2048,NSW,Regional
53,2019,2048,NSW,Regional
141,2019,2048,NSW,Regional
80,2019,2048,NSW,Regional
162,2019,2048,NSW,Regional
48,2019,4010,QLD,Capital
71,2019,4010,QLD,Capital
80,2019,4010,QLD,Capital
21,2019,4010,QLD,Capital
10,2019,4010,QLD,Capital
1,2019,4010,QLD,Capital
64,2019,4010,QLD,Capital
178,2019,2004,NSW,Capital
4,2019,2004,NSW,Capital
66,2019,2004,NSW,Capital
50,2019,2004,NSW,Capital
136,2019,2004,NSW,Capital
154,2019,4010,QLD,Capital
66,2019,4010,QLD,Capital
6,2019,4010,QLD,Capital
85,2019,4010,QLD,Capital
8,2019,4010,QLD,Capital
1,2019,4010,QLD,Capital
7,2019,4010,QLD,Capital
197,2019,2041,NSW,Capital
127,2019,2041,NSW,Capital
80,2019,2041,NSW,Capital
53,2019,2041,NSW,Capital
14,2019,2041,NSW,Capital
8,2019,2019,NSW,Capital
89,2019,2019,NSW,Capital
47,2019,2019,NSW,Capital
67,2019,2019,NSW,Capital
20,2019,2019,NSW,Capital
8,2019,820,NT,Regional
44,2019,820,NT,Regional
35,2019,820,NT,Regional
177,2019,820,NT,Regional
33,2019,820,NT,Regional
207,2019,820,NT,Regional
19,2019,820,NT,Regional
18,2019,829,NT,Regional
55,2019,829,NT,Regional
54,2019,829,NT,Regional
42,2019,829,NT,Regional
74,2019,829,NT,Regional
74,2019,829,NT,Regional
6,2019,829,NT,Regional
54,2019,3013,VIC,Capital
4,2019,3013,VIC,Capital
151,2019,3013,VIC,Capital
58,2019,3013,VIC,Capital
5,2019,3013,VIC,Capital
25,2019,3013,VIC,Capital
3,2019,3013,VIC,Capital
127,2019,3013,VIC,Capital
43,2019,3013,VIC,Capital
68,2019,3013,VIC,Capital
47,2019,3013,VIC,Capital
35,2019,3013,VIC,Capital
54,2019,3013,VIC,Capital
65,2019,3013,VIC,Capital
76,2019,3013,VIC,Capital
34,2019,3013,VIC,Capital
150,2019,3013,VIC,Capital
41,2019,3013,VIC,Capital
57,2019,3013,VIC,Capital
42,2019,3013,VIC,Capital
29,2019,3013,VIC,Capital
61,2019,3017,VIC,Regional
21,2019,3017,VIC,Regional
79,2019,3017,VIC,Regional
40,2019,3017,VIC,Regional
142,2019,3017,VIC,Regional
104,2019,3017,VIC,Regional
17,2019,3017,VIC,Regional
10,2019,3027,VIC,Capital
83,2019,3027,VIC,Capital
76,2019,3027,VIC,Capital
70,2019,3027,VIC,Capital
27,2019,3027,VIC,Capital
27,2019,3027,VIC,Capital
112,2019,3027,VIC,Capital
12,2019,3027,VIC,Capital
82,2019,3027,VIC,Capital
73,2019,3027,VIC,Capital
7,2019,3027,VIC,Capital
45,2019,3027,VIC,Capital
114,2019,3027,VIC,Capital
86,2019,3027,VIC,Capital
41,2019,3027,VIC,Capital
7,2019,3027,VIC,Capital
53,2019,3027,VIC,Capital
74,2019,3027,VIC,Capital
107,2019,3027,VIC,Capital
52,2019,3027,VIC,Capital
91,2019,3027,VIC,Capital
16,2019,7116,TAS,Regional
19,2019,7116,TAS,Regional
75,2019,7116,TAS,Regional
19,2019,7116,TAS,Regional
7,2019,7116,TAS,Regional
199,2019,7116,TAS,Regional
111,2019,7116,TAS,Regional
43,2019,7120,TAS,Regional
6,2019,7120,TAS,Regional
46,2019,7120,TAS,Regional
9,2019,7120,TAS,Regional
114,2019,7120,TAS,Regional
90,2019,7120,TAS,Regional
51,2019,7120,TAS,Regional
14,2019,7129,TAS,Regional
24,2019,7129,TAS,Regional
31,2019,7129,TAS,Regional
50,2019,7129,TAS,Regional
89,2019,7129,TAS,Regional
126,2019,7129,TAS,Regional
41,2019,7129,TAS,Regional
